Workbook

Sheet Attainments
B2: CO-PO MAPPINGS AVERAGE OF ALL COURSES
B4: COURSE | C4: PO1 | D4: PO2 | E4: PO3 | F4: PO4 | G4: PO5 | H4: PO6 | I4: PO7 | J4: PO8 | K4: PO9 | L4: PO10 | M4: PO11 | N4: PO12 | P4: COURSE | Q4: PO1 | R4: PO2 | S4: PO3 | T4: PO4 | U4: PO5 | V4: PO6 | W4: PO7 | X4: PO8 | Y4: PO9 | Z4: PO10 | AA4: PO11 | AB4: PO12
B5: FIRST YEAR COURSES | P5: SECOND YEAR COURSES
B6: M 1 | C6: ='M-I'!C82 -> 3 | D6: ='M-I'!D82 -> 3 | N6: ='M-I'!N82 -> 3 | P6: M-IV | Q6: ='M-IV'!C88 -> 3 | R6: ='M-IV'!D88 -> 3 | S6: ='M-IV'!E88 -> 1.75 | T6: ='M-IV'!F88 -> 2.25 | U6: ='M-IV'!G88 -> 1 | AB6: ='M-IV'!N88 -> 2
B7: M 2 | C7: ='M-II'!D83 -> 3 | D7: ='M-II'!E83 -> 3 | E7: ='M-II'!F83 -> 1.8 | F7: ='M-II'!G83 -> 2.2 | G7: ='M-II'!H83 -> 1 | N7: ='M-II'!O83 -> 2 | P7: NTA | Q7: =NT!C88 -> 2.75 | R7: =NT!D88 -> 2.75 | S7: =NT!E88 -> 2.5 | T7: =NT!F88 -> 1 | U7: =NT!G88 -> 2 | V7: =NT!H88 -> 1.5 | AB7: =NT!N88 -> 2
B8: PHY | C8: ='PHY '!C80 -> 3 | D8: ='PHY '!D80 -> 3 | E8: ='PHY '!E80 -> 3 | F8: ='PHY '!F80 -> 2.4 | G8: ='PHY '!G80 -> 1.8 | H8: ='PHY '!H80 -> 3 | I8: ='PHY '!I80 -> 2 | J8: ='PHY '!J80 -> 2 | ... N8: ='PHY '!N80 -> 3 | P8: EM | Q8: =EM!C88 -> 2.75 | R8: =EM!D88 -> 2.75 | S8: =EM!E88 -> 2.5 | T8: =EM!F88 -> 1 | U8: =EM!G88 -> 2 | V8: =EM!H88 -> 1.5 | AB8: =EM!N88 -> 2
B9: EG | C9: =EG!B85 -> 2.5 | E9: =EG!D85 -> 2.6666667 | G9: =EG!F85 -> 2 | H9: =EG!G85 -> 2 | L9: =EG!K85 -> 2.25 | N9: =EG!M85 -> 2.25 | P9: EDC | Q9: =EDC!C86 -> 3 | R9: =EDC!D86 -> 3 | S9: =EDC!E86 -> 2.5 | T9: =EDC!F86 -> 1.5 | U9: =EDC!G86 -> 1.75 | V9: =EDC!H86 -> 1 | X9: =EDC!J86 -> 1.5 | AB9: =EDC!N86 -> 2
B10: PHY LAB | C10: =PHYLAB!D73 -> 3 | D10: =PHYLAB!E73 -> 3 | E10: =PHYLAB!F73 -> 1 | F10: =PHYLAB!G73 -> 3 | G10: =PHYLAB!H73 -> 1 | H10: =PHYLAB!I73 -> 3 | I10: =PHYLAB!J73 -> 2 | J10: =PHYLAB!K73 -> 3 | ... N10: =PHYLAB!O73 -> 3 | P10: SS | Q10: =SS!C88 -> 3 | R10: =SS!D88 -> 2 | S10: =SS!E88 -> 2 | T10: =SS!F88 -> 2 | U10: =SS!G88 -> 3 | Y10: =SS!K88 -> 3 | Z10: =SS!L88 -> 2 | AB10: =SS!N88 -> 2
B11: WS LAB | C11: =WSLAB!D72 -> 1 | H11: =WSLAB!I72 -> 2 | K11: =WSLAB!L72 -> 3 | L11: =WSLAB!M72 -> 2 | M11: =WSLAB!N72 -> 3 | N11: =WSLAB!O72 -> 3 | P11: DS | Q11: =DS!C88 -> 3 | R11: =DS!D88 -> 2 | S11: =DS!E88 -> 2 | V11: =DS!H88 -> 1 | AB11: =DS!N88 -> 2
B12: M 3-1.2 | C12: ='M-III1.2'!F81 -> 3 | D12: ='M-III1.2'!G81 -> 2.75 | E12: ='M-III1.2'!H81 -> 1.5 | F12: ='M-III1.2'!I81 -> 2 | N12: ='M-III1.2'!Q81 -> 2 | P12: NTM LAB | Q12: =NTMLAB!C88 -> 3 | R12: =NTMLAB!D88 -> 3 | S12: =NTMLAB!E88 -> 3 | T12: =NTMLAB!F88 -> 2 | U12: =NTMLAB!G88 -> 1 | W12: =NTMLAB!I88 -> 2 | X12: =NTMLAB!J88 -> 2 | Y12: =NTMLAB!K88 -> 3 | Z12: =NTMLAB!L88 -> 3 | AA12: =NTMLAB!M88 -> 1 | AB12: =NTMLAB!N88 -> 3
B13: BEE | C13: =BEE!D83 -> 3 | D13: =BEE!E83 -> 1.6 | E13: =BEE!F83 -> 2.25 | F13: =BEE!G83 -> 2 | G13: =BEE!H83 -> 3 | N13: =BEE!O83 -> 2.4 | P13: EDC LAB | Q13: =EDCLAB!C88 -> 3 | R13: =EDCLAB!D88 -> 2 | S13: =EDCLAB!E88 -> 3 | T13: =EDCLAB!F88 -> 3 | U13: =EDCLAB!G88 -> 3 | V13: =EDCLAB!H88 -> 2 | W13: =EDCLAB!I88 -> 2.75 | AB13: =EDCLAB!N88 -> 2.75
B14: CHE | C14: =CHE!D85 -> 2.6666667 | D14: =CHE!E85 -> 2.1666667 | E14: =CHE!F85 -> 1.1666667 | F14: =CHE!G85 -> 1.8333333 | G14: =CHE!H85 -> 1 | H14: =CHE!I85 -> 1.8333333 | I14: =CHE!J85 -> 2 | J14: =CHE!K85 -> 1.5 | N14: =CHE!O85 -> 2.1666667 | P14: M-V | Q14: ='M-V'!C88 -> 3 | R14: ='M-V'!D88 -> 3 | S14: ='M-V'!E88 -> 1.75 | T14: ='M-V'!F88 -> 2.5 | U14: ='M-V'!G88 -> 1.25 | AB14: ='M-V'!N88 -> 2
B15: CPNM | C15: =CPNM!D81 -> 3 | D15: =CPNM!E81 -> 2.75 | E15: =CPNM!F81 -> 2 | F15: =CPNM!G81 -> 2 | G15: =CPNM!H81 -> 2.5 | K15: =CPNM!L81 -> 1 | L15: =CPNM!M81 -> 1 | M15: =CPNM!N81 -> 1 | N15: =CPNM!O81 -> 2 | P15: EMFTL | Q15: =EMFTL!C88 -> 2.5 | R15: =EMFTL!D88 -> 2.5 | S15: =EMFTL!E88 -> 1 | T15: =EMFTL!F88 -> 1.5 | V15: =EMFTL!H88 -> 1 | AB15: =EMFTL!N88 -> 2
B16: ENG | C16: =ENGLISH1.1!C79 -> 3 | D16: =ENGLISH1.1!D79 -> 2 | E16: =ENGLISH1.1!E79 -> 3 | F16: =ENGLISH1.1!F79 -> 1.4 | G16: =ENGLISH1.1!G79 -> 1 | H16: =ENGLISH1.1!H79 -> 3 | I16: =ENGLISH1.1!I79 -> 3 | J16: =ENGLISH1.1!J79 -> 3 | ... N16: =ENGLISH1.1!N79 -> 3 | P16: AEC | Q16: =AEC!C90 -> 3 | R16: =AEC!D90 -> 3 | S16: =AEC!E90 -> 2 | U16: =AEC!G90 -> 3 | V16: =AEC!H90 -> 2 | W16: =AEC!I90 -> 2 | X16: =AEC!J90 -> 2 | Y16: =AEC!K90 -> 3 | Z16: =AEC!L90 -> 2 | AB16: =AEC!N90 -> 3
B17: CHE LAB | C17: =CHELAB!D73 -> 3 | D17: =CHELAB!E73 -> 3 | E17: =CHELAB!F73 -> 1 | F17: =CHELAB!G73 -> 3 | G17: =CHELAB!H73 -> 1 | H17: =CHELAB!I73 -> 3 | I17: =CHELAB!J73 -> 3 | J17: =CHELAB!K73 -> 3 | ... N17: =CHELAB!O73 -> 3 | P17: STLD | Q17: =STLD!C88 -> 3 | R17: =STLD!D88 -> 2.6666667 | S17: =STLD!E88 -> 2.3333333 | T17: =STLD!F88 -> 2.6666667 | U17: =STLD!G88 -> 2.3333333 | W17: =STLD!I88 -> 3 | Y17: =STLD!K88 -> 3 | AB17: =STLD!N88 -> 2
B18: CPNM LAB | C18: =CPNMLAB!I14 -> 3 | D18: =CPNMLAB!J14 -> 3 | E18: =CPNMLAB!K14 -> 3 | F18: =CPNMLAB!L14 -> 3 | G18: =CPNMLAB!M14 -> 2 | H18: =CPNMLAB!N14 -> 2 | J18: =CPNMLAB!P14 -> 2 | M18: =CPNMLAB!S14 -> 2 | N18: =CPNMLAB!T14 -> 2 | P18: PTRP | Q18: =PTRP!C88 -> 2.75 | R18: =PTRP!D88 -> 2.75 | S18: =PTRP!E88 -> 2.5 | T18: =PTRP!F88 -> 1 | U18: =PTRP!G88 -> 2 | V18: =PTRP!H88 -> 1.5 | AB18: =PTRP!N88 -> 2
P19: ES | Q19: =ES!C90 -> 2.6 | R19: =ES!D90 -> 2.6 | S19: =ES!E90 -> 2.6 | T19: =ES!F90 -> 1 | U19: =ES!G90 -> 2.2 | V19: =ES!H90 -> 1.5 | AB19: =ES!N90 -> 1.8
P20: UHV | Q20: =UHV!C90 -> 2.6 | R20: =UHV!D90 -> 2.6 | S20: =UHV!E90 -> 2.6 | T20: =UHV!F90 -> 1 | U20: =UHV!G90 -> 2.2 | V20: =UHV!H90 -> 1.5 | AB20: =UHV!N90 -> 1.8
P21: DIC LAB | Q21: =DICLAB!C88 -> 3 | R21: =DICLAB!D88 -> 2 | S21: =DICLAB!E88 -> 3 | T21: =DICLAB!F88 -> 3 | U21: =DICLAB!G88 -> 3 | V21: =DICLAB!H88 -> 3 | W21: =DICLAB!I88 -> 2.75 | AB21: =DICLAB!N88 -> 2.75
P22: AEC LAB | Q22: =AECLAB!C88 -> 3 | R22: =AECLAB!D88 -> 2 | S22: =AECLAB!E88 -> 1 | T22: =AECLAB!F88 -> 2 | U22: =AECLAB!G88 -> 1 | V22: =AECLAB!H88 -> 2 | W22: =AECLAB!I88 -> 2 | X22: =AECLAB!J88 -> 3 | ... AB22: =AECLAB!N88 -> 2
B25: COURSE | C25: PO1 | D25: PO2 | E25: PO3 | F25: PO4 | G25: PO5 | H25: PO6 | I25: PO7 | J25: PO8 | K25: PO9 | L25: PO10 | M25: PO11 | N25: PO12 | P25: COURSE | Q25: PO1 | R25: PO2 | S25: PO3 | T25: PO4 | U25: PO5 | V25: PO6 | W25: PO7 | X25: PO8 | Y25: PO9 | Z25: PO10 | AA25: PO11 | AB25: PO12
B26: THIRD YEAR COURSES | P26: FOURTH YEAR COURSES
B27: LICA-3.1 | C27: =LICA3.1!C90 -> 3 | D27: =LICA3.1!D90 -> 2 | E27: =LICA3.1!E90 -> 1.5 | F27: =LICA3.1!F90 -> 2 | G27: =LICA3.1!G90 -> 3 | H27: =LICA3.1!H90 -> 2 | I27: =LICA3.1!I90 -> 2.75 | J27: =LICA3.1!J90 -> 2.3333333 | ... N27: =LICA3.1!N90 -> 2.25 | P27: PEM | Q27: =PEM!C90 -> 1.4 | R27: =PEM!D90 -> 2.4 | S27: =PEM!E90 -> 1.8 | T27: =PEM!F90 -> 1.2 | V27: =PEM!H90 -> 1.6 | W27: =PEM!I90 -> 1.2 | X27: =PEM!J90 -> 2 | Y27: =PEM!K90 -> 1.6666667 | Z27: =PEM!L90 -> 1.6666667 | AA27: =PEM!M90 -> 3 | AB27: =PEM!N90 -> 2.2
B28: AC&DC | C28: ='AC&DC'!D93 -> 3 | D28: ='AC&DC'!E93 -> 3 | E28: ='AC&DC'!F93 -> 2 | G28: ='AC&DC'!H93 -> 3 | H28: ='AC&DC'!I93 -> 2 | I28: ='AC&DC'!J93 -> 2 | J28: ='AC&DC'!K93 -> 2 | K28: ='AC&DC'!L93 -> 3 | L28: ='AC&DC'!M93 -> 2 | N28: ='AC&DC'!O93 -> 3 | P28: RE | Q28: =RE!C90 -> 2 | R28: =RE!D90 -> 3 | S28: =RE!E90 -> 2 | T28: =RE!F90 -> 2 | V28: =RE!H90 -> 2 | AB28: =RE!N90 -> 1
B29: CNE(PE-1) | C29: =CNE!C61 -> 3 | D29: =CNE!D61 -> 2.75 | E29: =CNE!E61 -> 2.5 | F29: =CNE!F61 -> 2 | G29: =CNE!G61 -> 1 | H29: =CNE!H61 -> 2 | J29: =CNE!J61 -> 3 | N29: =CNE!N61 -> 2 | P29: FOC | Q29: =FOC!C54 -> 2.5 | R29: =FOC!D54 -> 2.75 | S29: =FOC!E54 -> 2.75 | T29: =FOC!F54 -> 1 | U29: =FOC!G54 -> 2.25 | W29: =FOC!I54 -> 2
B30: AWP | C30: =AWP!C90 -> 3 | D30: =AWP!D90 -> 2.8 | E30: =AWP!E90 -> 2.5 | F30: =AWP!F90 -> 2.5 | G30: =AWP!G90 -> 2.6 | H30: =AWP!H90 -> 2 | N30: =AWP!N90 -> 3 | P30: IOT | Q30: ='IOT1'!C66 -> 3 | R30: ='IOT1'!D66 -> 2.6 | S30: ='IOT1'!E66 -> 2.2 | T30: ='IOT1'!F66 -> 2.25 | U30: ='IOT1'!G66 -> 3 | W30: ='IOT1'!I66 -> 2.4 | Y30: ='IOT1'!K66 -> 3 | Z30: ='IOT1'!L66 -> 2.25 | AB30: ='IOT1'!N66 -> 2.25
B31: CS | C31: =CS!C88 -> 2.75 | D31: =CS!D88 -> 2.75 | E31: =CS!E88 -> 2.5 | F31: =CS!F88 -> 1 | G31: =CS!G88 -> 2 | H31: =CS!H88 -> 1.5 | N31: =CS!N88 -> 2 | P31: MWE | Q31: =MWE!C90 -> 3 | R31: =MWE!D90 -> 2.6 | S31: =MWE!E90 -> 2.2 | T31: =MWE!F90 -> 3 | U31: =MWE!G90 -> 1.6666667 | Y31: =MWE!K90 -> 3 | AB31: =MWE!N90 -> 3
B32: PDC | C32: =PDC!C90 -> 2.5 | D32: =PDC!D90 -> 2.8 | E32: =PDC!E90 -> 2.5 | F32: =PDC!F90 -> 3 | G32: =PDC!G90 -> 3 | H32: =PDC!H90 -> 2 | N32: =PDC!N90 -> 2 | P32: EMB.SYS | Q32: =EMBEDDEDSYS!C54 -> 2.2 | R32: =EMBEDDEDSYS!D54 -> 2.2 | S32: =EMBEDDEDSYS!E54 -> 2.4 | T32: =EMBEDDEDSYS!F54 -> 2.5 | U32: =EMBEDDEDSYS!G54 -> 3 | V32: =EMBEDDEDSYS!H54 -> 3 | Y32: =EMBEDDEDSYS!K54 -> 3 | AA32: =EMBEDDEDSYS!M54 -> 2 | AB32: =EMBEDDEDSYS!N54 -> 3
B33: MOOCs-1 | C33: ='MOOCs-1'!C88 -> 2.75 | D33: ='MOOCs-1'!D88 -> 2.75 | E33: ='MOOCs-1'!E88 -> 2.5 | F33: ='MOOCs-1'!F88 -> 1 | G33: ='MOOCs-1'!G88 -> 2 | H33: ='MOOCs-1'!H88 -> 1.5 | N33: ='MOOCs-1'!N88 -> 2 | P33: GPS | Q33: =GPS!C68 -> 3 | R33: =GPS!D68 -> 3 | S33: =GPS!E68 -> 1.6 | T33: =GPS!F68 -> 2.6 | U33: =GPS!G68 -> 2.5 | V33: =GPS!H68 -> 3 | W33: =GPS!I68 -> 2.8 | X33: =GPS!J68 -> 2 | ... AB33: =GPS!N68 -> 2.4
B34: LIC LAB | C34: =LICLAB!C88 -> 3 | D34: =LICLAB!D88 -> 2 | E34: =LICLAB!E88 -> 1.5 | F34: =LICLAB!F88 -> 2 | G34: =LICLAB!G88 -> 3 | H34: =LICLAB!H88 -> 2 | I34: =LICLAB!I88 -> 2.75 | J34: =LICLAB!J88 -> 2.3333333 | ... N34: =LICLAB!N88 -> 2.25 | P34: MWELAB | Q34: =MWELAB!C87 -> 3 | R34: =MWELAB!D87 -> 2 | S34: =MWELAB!E87 -> 1 | T34: =MWELAB!F87 -> 2 | U34: =MWELAB!G87 -> 2 | X34: =MWELAB!J87 -> 2 | Y34: =MWELAB!K87 -> 3 | Z34: =MWELAB!L87 -> 3 | AA34: =MWELAB!M87 -> 2 | AB34: =MWELAB!N87 -> 3
B35: ACDC LAB | C35: ='ACDC-LAB'!C88 -> 3 | D35: ='ACDC-LAB'!D88 -> 2 | E35: ='ACDC-LAB'!E88 -> 1 | F35: ='ACDC-LAB'!F88 -> 2 | G35: ='ACDC-LAB'!G88 -> 1 | H35: ='ACDC-LAB'!H88 -> 2 | I35: ='ACDC-LAB'!I88 -> 2 | J35: ='ACDC-LAB'!J88 -> 3 | ... N35: ='ACDC-LAB'!N88 -> 2 | P35: IOP LAB | Q35: ='SKILL LAB'!C88 -> 3 | R35: ='SKILL LAB'!D88 -> 2.5 | S35: ='SKILL LAB'!E88 -> 2.25 | T35: ='SKILL LAB'!F88 -> 2.6666667 | U35: ='SKILL LAB'!G88 -> 3 | W35: ='SKILL LAB'!I88 -> 2.5 | Y35: ='SKILL LAB'!K88 -> 3 | Z35: ='SKILL LAB'!L88 -> 2 | AA35: ='SKILL LAB'!M88 -> 1 | AB35: ='SKILL LAB'!N88 -> 2
B36: VLSI-3.2 | C36: =VLSI3.2!C90 -> 2.8 | D36: =VLSI3.2!D90 -> 2.75 | E36: =VLSI3.2!E90 -> 2.5 | F36: =VLSI3.2!F90 -> 1 | G36: =VLSI3.2!G90 -> 2 | H36: =VLSI3.2!H90 -> 1.5 | N36: =VLSI3.2!N90 -> 2 | P36: INTERNSHIP | Q36: =INTERNSHIP!C88 -> 2 | R36: =INTERNSHIP!D88 -> 2.25 | S36: =INTERNSHIP!E88 -> 1.5 | T36: =INTERNSHIP!F88 -> 2 | U36: =INTERNSHIP!G88 -> 2.25 | V36: =INTERNSHIP!H88 -> 1.75 | W36: =INTERNSHIP!I88 -> 1 | X36: =INTERNSHIP!J88 -> 1.5 | ... AB36: =INTERNSHIP!N88 -> 2.25
B37: MPMC | C37: =MPMC!C90 -> 2.5 | D37: =MPMC!D90 -> 2 | E37: =MPMC!E90 -> 1.75 | F37: =MPMC!F90 -> 2.6666667 | G37: =MPMC!G90 -> 3 | I37: =MPMC!I90 -> 2 | K37: =MPMC!K90 -> 3 | M37: =MPMC!M90 -> 3 | N37: =MPMC!N90 -> 2.5 | P37: PROJECT | Q37: =PROJECT4.2!C88 -> 2.75 | R37: =PROJECT4.2!D88 -> 2.75 | S37: =PROJECT4.2!E88 -> 2.5 | T37: =PROJECT4.2!F88 -> 2.5 | U37: =PROJECT4.2!G88 -> 2.5 | V37: =PROJECT4.2!H88 -> 1 | W37: =PROJECT4.2!I88 -> 1 | Y37: =PROJECT4.2!K88 -> 1.75 | Z37: =PROJECT4.2!L88 -> 2.25 | AA37: =PROJECT4.2!M88 -> 2.3333333 | AB37: =PROJECT4.2!N88 -> 2.25
B38: DSP | C38: =DSP!C90 -> 3 | D38: =DSP!D90 -> 2.75 | E38: =DSP!E90 -> 3 | F38: =DSP!F90 -> 1 | G38: =DSP!G90 -> 2.75 | H38: =DSP!H90 -> 2 | N38: =DSP!N90 -> 2 | P38: MOOCs-2 | Q38: ='MOOCs-II'!C88 -> 3 | R38: ='MOOCs-II'!D88 -> 2.5 | S38: ='MOOCs-II'!E88 -> 2.25 | T38: ='MOOCs-II'!F88 -> 2.6666667 | U38: ='MOOCs-II'!G88 -> 3 | W38: ='MOOCs-II'!I88 -> 2.5 | Y38: ='MOOCs-II'!K88 -> 3 | Z38: ='MOOCs-II'!L88 -> 2 | AA38: ='MOOCs-II'!M88 -> 1 | AB38: ='MOOCs-II'!N88 -> 2
B39: CMC | C39: =CMC!C63 -> 3 | D39: =CMC!D63 -> 2 | E39: =CMC!E63 -> 2 | F39: =CMC!F63 -> 2 | G39: =CMC!G63 -> 3 | I39: =CMC!I63 -> 2 | K39: =CMC!K63 -> 3 | L39: =CMC!L63 -> 3 | N39: =CMC!N63 -> 3
B40: ITC | C40: =ITC!C61 -> 3 | D40: =ITC!D61 -> 1.8 | E40: =ITC!E61 -> 1.4 | F40: =ITC!F61 -> 2.2 | G40: =ITC!G61 -> 3 | I40: =ITC!I61 -> 2 | N40: =ITC!N61 -> 2
B41: SC | C41: =SC!C55 -> 3 | D41: =SC!D55 -> 3 | E41: =SC!E55 -> 1.75 | F41: =SC!F55 -> 3 | G41: =SC!G55 -> 3 | I41: =SC!I55 -> 2.5 | J41: =SC!J55 -> 2 | K41: =SC!K55 -> 3 | L41: =SC!L55 -> 3 | M41: =SC!M55 -> 2 | N41: =SC!N55 -> 3
B42: EMI | C42: =EMI!C60 -> 2.75 | D42: =EMI!D60 -> 2.75 | E42: =EMI!E60 -> 2.5 | F42: =EMI!F60 -> 1 | G42: =EMI!G60 -> 2 | H42: =EMI!H60 -> 1.5 | N42: =EMI!N60 -> 2
B43: DSP LAB | C43: =DSPLAB!C87 -> 3 | D43: =DSPLAB!D87 -> 2.5 | E43: =DSPLAB!E87 -> 2 | F43: =DSPLAB!F87 -> 2.6666667 | G43: =DSPLAB!G87 -> 3 | I43: =DSPLAB!I87 -> 2 | J43: =DSPLAB!J87 -> 2 | K43: =DSPLAB!K87 -> 3 | L43: =DSPLAB!L87 -> 3 | M43: =DSPLAB!M87 -> 3 | N43: =DSPLAB!N87 -> 2.5
B44: MPMC LAB | C44: =MPMCLAB!C87 -> 3 | D44: =MPMCLAB!D87 -> 2.5 | E44: =MPMCLAB!E87 -> 2.5 | F44: =MPMCLAB!F87 -> 2.5 | G44: =MPMCLAB!G87 -> 3 | I44: =MPMCLAB!I87 -> 2 | J44: =MPMCLAB!J87 -> 2 | K44: =MPMCLAB!K87 -> 3 | L44: =MPMCLAB!L87 -> 3 | M44: =MPMCLAB!M87 -> 3 | N44: =MPMCLAB!N87 -> 2.75
F46: COURSE | J46: PO1 | K46: PO2 | L46: PO3 | M46: PO4 | N46: PO5 | O46: PO6 | P46: PO7 | Q46: PO8 | R46: PO9 | S46: PO10 | T46: PO11 | U46: PO12
F47: MAPPING AVERAGE OF ALL COURSES | J47: =AVERAGE(C6:C18,Q6:Q22,C27:C44,Q27:Q38) -> 2.8002778 | K47: =AVERAGE(D6:D18,R6:R22,D27:D44,R28:R38) -> 2.5602339 | L47: =AVERAGE(E6:E18,S6:S22,E27:E44,S28:S38) -> 2.1222222 | M47: =AVERAGE(F6:F18,T6:T22,F27:F44,T28:T38) -> 2.0559748 | N47: =AVERAGE(G6:G18,U6:U22,G27:G44,U28:U38) -> 2.2179245 | O47: =AVERAGE(H6:H18,V6:V22,H27:H44,V28:V38) -> 1.9481982 | P47: =AVERAGE(I6:I18,W6:W22,I27:I44,W28:W38) -> 2.2392857 | Q47: =AVERAGE(J6:J18,X6:X22,J27:J44,X28:X38) -> 2.2460317 | R47: =AVERAGE(K6:K18,Y6:Y22,K27:K44,Y28:Y38) -> 2.8275862 | ... U47: =AVERAGE(N6:N18,AB6:AB22,N27:N44,AB28:AB38) -> 2.333046
B49: CO-PO ATTAINMENTS AVERAGE OF ALL COURSES
B51: COURSE | C51: PO1 | D51: PO2 | E51: PO3 | F51: PO4 | G51: PO5 | H51: PO6 | I51: PO7 | J51: PO8 | K51: PO9 | L51: PO10 | M51: PO11 | N51: PO12 | P51: COURSE | Q51: PO1 | R51: PO2 | S51: PO3 | T51: PO4 | U51: PO5 | V51: PO6 | W51: PO7 | X51: PO8 | Y51: PO9 | Z51: PO10 | AA51: PO11 | AB51: PO12
B52: FIRST YEAR COURSES | P52: SECOND YEAR COURSES
B53: M 1 | C53: ='M-I'!C93 -> 3 | D53: ='M-I'!D93 -> 3 | N53: ='M-I'!N93 -> 3 | P53: M-IV | Q53: ='M-IV'!C99 -> 3 | R53: ='M-IV'!D99 -> 3 | S53: ='M-IV'!E99 -> 1.75 | T53: ='M-IV'!F99 -> 2.25 | U53: ='M-IV'!G99 -> 1 | AB53: ='M-IV'!N99 -> 2
B54: M 2 | C54: ='M-II'!D94 -> 3 | D54: ='M-II'!E94 -> 3 | E54: ='M-II'!F94 -> 1.8 | F54: ='M-II'!G94 -> 2.2 | G54: ='M-II'!H94 -> 1 | N54: ='M-II'!O94 -> 2 | P54: NTA | Q54: =NT!C99 -> 2.225 | R54: =NT!D99 -> 2.225 | S54: =NT!E99 -> 2.075 | T54: =NT!F99 -> 0.825 | U54: =NT!G99 -> 1.575 | V54: =NT!H99 -> 1.1 | AB54: =NT!N99 -> 1.65
B55: PHY | C55: ='PHY '!C91 -> 3 | D55: ='PHY '!D91 -> 3 | E55: ='PHY '!E91 -> 3 | F55: ='PHY '!F91 -> 2.4 | G55: ='PHY '!G91 -> 1.8 | H55: ='PHY '!H91 -> 3 | I55: ='PHY '!I91 -> 2 | J55: ='PHY '!J91 -> 2 | ... N55: ='PHY '!N91 -> 3 | P55: EM | Q55: =EM!C97 -> 2.2 | R55: =EM!D97 -> 2.2 | S55: =EM!E97 -> 1.975 | T55: =EM!F97 -> 0.8 | U55: =EM!G97 -> 1.575 | V55: =EM!H97 -> 1.15 | AB55: =EM!N97 -> 1.6
B56: EG | C56: =EG!B91 -> 2.325 | E56: =EG!D91 -> 1.8 | G56: =EG!F91 -> 1.85 | H56: =EG!G91 -> 1.85 | L56: =EG!K91 -> 2.1 | N56: =EG!M91 -> 2.1 | P56: EDC | Q56: =EDC!C96 -> 2 | R56: =EDC!D96 -> 2 | S56: =EDC!E96 -> 1.6416667 | T56: =EDC!F96 -> 0.975 | U56: =EDC!G96 -> 1.1916667 | V56: =EDC!H96 -> 0.66666667 | X56: =EDC!J96 -> 1 | AB56: =EDC!N96 -> 1.3333333
B57: PHY LAB | C57: =PHYLAB!D80 -> 3 | D57: =PHYLAB!E80 -> 3 | E57: =PHYLAB!F80 -> 1 | F57: =PHYLAB!G80 -> 3 | G57: =PHYLAB!H80 -> 1 | H57: =PHYLAB!I80 -> 3 | I57: =PHYLAB!J80 -> 2 | J57: =PHYLAB!K80 -> 3 | ... N57: =PHYLAB!O80 -> 3 | P57: SS | Q57: =SS!C98 -> 2.4 | R57: =SS!D98 -> 1.6 | S57: =SS!E98 -> 1.6 | T57: =SS!F98 -> 1.6 | U57: =SS!G98 -> 2.4 | V57: =SS!H98 | W57: =SS!I98 | X57: =SS!J98 | ... AB57: =SS!N98 -> 1.6
B58: WS LAB | C58: =WSLAB!D79 -> 1 | H58: =WSLAB!I79 -> 2 | K58: =WSLAB!L79 -> 3 | L58: =WSLAB!M79 -> 2 | M58: =WSLAB!N79 -> 3 | N58: =WSLAB!O79 -> 3 | P58: DS | Q58: =DS!C99 -> 2.7 | R58: =DS!D99 -> 1.8 | S58: =DS!E99 -> 1.8 | V58: =DS!H99 -> 0.9 | AB58: =DS!N99 -> 1.8
B59: M 3-1.2 | C59: ='M-III1.2'!F93 -> 3 | D59: ='M-III1.2'!G93 -> 2.75 | E59: ='M-III1.2'!H93 -> 1.5 | F59: ='M-III1.2'!I93 -> 2 | N59: ='M-III1.2'!Q93 -> 2 | P59: NTM LAB | Q59: =NTMLAB!C98 -> 3 | R59: =NTMLAB!D98 -> 3 | S59: =NTMLAB!E98 -> 3 | T59: =NTMLAB!F98 -> 2 | U59: =NTMLAB!G98 -> 1 | W59: =NTMLAB!I98 -> 2 | X59: =NTMLAB!J98 -> 2 | Y59: =NTMLAB!K98 -> 3 | Z59: =NTMLAB!L98 -> 3 | AA59: =NTMLAB!M98 -> 1 | AB59: =NTMLAB!N98 -> 3
B60: BEE | C60: =BEE!D94 -> 2.7 | D60: =BEE!E94 -> 1.46 | E60: =BEE!F94 -> 1.975 | F60: =BEE!G94 -> 1.8 | G60: =BEE!H94 -> 2.625 | N60: =BEE!O94 -> 2.16 | P60: EDC LAB | Q60: =EDCLAB!C98 -> 3 | R60: =EDCLAB!D98 -> 2 | S60: =EDCLAB!E98 -> 3 | T60: =EDCLAB!F98 -> 3 | U60: =EDCLAB!G98 -> 3 | V60: =EDCLAB!H98 -> 2 | W60: =EDCLAB!I98 -> 2.75 | AB60: =EDCLAB!N98 -> 2.75
B61: CHE | C61: =CHE!D97 -> 2.6666667 | D61: =CHE!E97 -> 2.1666667 | E61: =CHE!F97 -> 1.1666667 | F61: =CHE!G97 -> 1.8333333 | G61: =CHE!H97 -> 1 | H61: =CHE!I97 -> 1.8333333 | I61: =CHE!J97 -> 2 | J61: =CHE!K97 -> 1.5 | N61: =CHE!O97 -> 2.1666667 | P61: M-V | Q61: ='M-V'!C99 -> 3 | R61: ='M-V'!D99 -> 3 | S61: ='M-V'!E99 -> 1.75 | T61: ='M-V'!F99 -> 2.5 | U61: ='M-V'!G99 -> 1.25 | AB61: ='M-V'!N99 -> 2
B62: CPNM | C62: =CPNM!D91 -> 2.7 | D62: =CPNM!E91 -> 2.5 | E62: =CPNM!F91 -> 1.85 | F62: =CPNM!G91 -> 1.825 | G62: =CPNM!H91 -> 2.25 | K62: =CPNM!L91 -> 0.95 | L62: =CPNM!M91 -> 0.95 | M62: =CPNM!N91 -> 1 | N62: =CPNM!O91 -> 1.8 | P62: EMFTL | Q62: =EMFTL!C98 -> 2.25 | R62: =EMFTL!D98 -> 2.125 | S62: =EMFTL!E98 -> 0.75 | T62: =EMFTL!F98 -> 1.375 | V62: =EMFTL!H98 -> 0.75 | AB62: =EMFTL!N98 -> 1.75
B63: ENG-1.1 | C63: =ENGLISH1.1!C89 -> 3 | D63: =ENGLISH1.1!D89 -> 2 | E63: =ENGLISH1.1!E89 -> 3 | F63: =ENGLISH1.1!F89 -> 1.4 | G63: =ENGLISH1.1!G89 -> 1 | H63: =ENGLISH1.1!H89 -> 3 | I63: =ENGLISH1.1!I89 -> 3 | J63: =ENGLISH1.1!J89 -> 3 | ... N63: =ENGLISH1.1!N89 -> 3 | P63: AEC | Q63: =AEC!C101 -> 2.325 | R63: =AEC!D101 -> 2.325 | S63: =AEC!E101 -> 1.55 | U63: =AEC!G101 -> 2.325 | V63: =AEC!H101 -> 1.55 | W63: =AEC!I101 -> 1.55 | X63: =AEC!J101 -> 1.55 | Y63: =AEC!K101 -> 2.325 | Z63: =AEC!L101 -> 1.55 | AB63: =AEC!N101 -> 2.325
B64: CHE LAB | C64: =CHELAB!D80 -> 3 | D64: =CHELAB!E80 -> 3 | E64: =CHELAB!F80 -> 1 | F64: =CHELAB!G80 -> 3 | G64: =CHELAB!H80 -> 1 | H64: =CHELAB!I80 -> 3 | I64: =CHELAB!J80 -> 3 | J64: =CHELAB!K80 -> 3 | ... N64: =CHELAB!O80 -> 3 | P64: STLD | Q64: =STLD!C99 -> 2.625 | R64: =STLD!D99 -> 2.1666667 | S64: =STLD!E99 -> 1.8333333 | T64: =STLD!F99 -> 2.1666667 | U64: =STLD!G99 -> 1.8333333 | W64: =STLD!I99 -> 2.25 | Y64: =STLD!K99 -> 2.5 | AB64: =STLD!N99 -> 1.6666667
B65: CPNM LAB | C65: =CPNMLAB!I21 -> 3 | D65: =CPNMLAB!J21 -> 3 | E65: =CPNMLAB!K21 -> 3 | F65: =CPNMLAB!L21 -> 3 | G65: =CPNMLAB!M21 -> 2 | H65: =CPNMLAB!N21 -> 2 | J65: =CPNMLAB!P21 -> 2 | M65: =CPNMLAB!S21 -> 2 | N65: =CPNMLAB!T21 -> 2 | P65: PTRP | Q65: =PTRP!C99 -> 2.625 | R65: =PTRP!D99 -> 2.625 | S65: =PTRP!E99 -> 2.35 | T65: =PTRP!F99 -> 0.95 | U65: =PTRP!G99 -> 1.9 | V65: =PTRP!H99 -> 1.4 | AB65: =PTRP!N99 -> 1.9
P66: ES | Q66: =ES!C102 -> 2.3 | R66: =ES!D102 -> 2.3 | S66: =ES!E102 -> 2.2 | T66: =ES!F102 -> 0.86 | U66: =ES!G102 -> 1.92 | V66: =ES!H102 -> 1.45 | AB66: =ES!N102 -> 1.58
P67: UHV | Q67: =UHV!C102 -> 2.36 | R67: =UHV!D102 -> 2.36 | S67: =UHV!E102 -> 2.24 | T67: =UHV!F102 -> 0.88 | U67: =UHV!G102 -> 1.96 | V67: =UHV!H102 -> 1.5 | AB67: =UHV!N102 -> 1.62
P68: DIC LAB | Q68: =DICLAB!C98 -> 3 | R68: =DICLAB!D98 -> 2 | S68: =DICLAB!E98 -> 3 | T68: =DICLAB!F98 -> 3 | U68: =DICLAB!G98 -> 3 | V68: =DICLAB!H98 -> 3 | W68: =DICLAB!I98 -> 2.75 | AB68: =DICLAB!N98 -> 2.75
P69: AEC LAB | Q69: =AECLAB!C98 -> 3 | R69: =AECLAB!D98 -> 2 | S69: =AECLAB!E98 -> 1 | T69: =AECLAB!F98 -> 2 | U69: =AECLAB!G98 -> 1 | V69: =AECLAB!H98 -> 2 | W69: =AECLAB!I98 -> 2 | X69: =AECLAB!J98 -> 3 | ... AB69: =AECLAB!N98 -> 2
B72: COURSE | C72: PO1 | D72: PO2 | E72: PO3 | F72: PO4 | G72: PO5 | H72: PO6 | I72: PO7 | J72: PO8 | K72: PO9 | L72: PO10 | M72: PO11 | N72: PO12 | P72: COURSE | Q72: PO1 | R72: PO2 | S72: PO3 | T72: PO4 | U72: PO5 | V72: PO6 | W72: PO7 | X72: PO8 | Y72: PO9 | Z72: PO10 | AA72: PO11 | AB72: PO12
B73: THIRD YEAR COURSES | P73: FOURTH YEAR COURSES
B74: LICA-3.1 | C74: =LICA3.1!C102 -> 2.775 | D74: =LICA3.1!D102 -> 1.85 | E74: =LICA3.1!E102 -> 1.375 | F74: =LICA3.1!F102 -> 1.8666667 | G74: =LICA3.1!G102 -> 2.775 | H74: =LICA3.1!H102 -> 1.85 | I74: =LICA3.1!I102 -> 2.525 | J74: =LICA3.1!J102 -> 2.0666667 | ... N74: =LICA3.1!N102 -> 2.075 | P74: PEM | Q74: =PEM!C102 -> 1.38 | R74: =PEM!D102 -> 2.36 | S74: =PEM!E102 -> 1.76 | T74: =PEM!F102 -> 1.18 | V74: =PEM!H102 -> 1.56 | W74: =PEM!I102 -> 1.18 | X74: =PEM!J102 -> 1.9333333 | Y74: =PEM!K102 -> 1.6 | Z74: =PEM!L102 -> 1.6 | AA74: =PEM!M102 -> 2.9 | AB74: =PEM!N102 -> 2.16
B75: AC&DC | C75: ='AC&DC'!D105 -> 2.34 | D75: ='AC&DC'!E105 -> 2.34 | E75: ='AC&DC'!F105 -> 1.56 | G75: ='AC&DC'!H105 -> 2.34 | H75: ='AC&DC'!I105 -> 1.56 | I75: ='AC&DC'!J105 -> 1.56 | J75: ='AC&DC'!K105 -> 1.56 | K75: ='AC&DC'!L105 -> 2.34 | L75: ='AC&DC'!M105 -> 1.56 | N75: ='AC&DC'!O105 -> 2.34 | P75: RE | Q75: =RE!C102 -> 1.96 | R75: =RE!D102 -> 2.94 | S75: =RE!E102 -> 1.96 | T75: =RE!F102 -> 1.96 | V75: =RE!H102 -> 1.95 | AB75: =RE!N102 -> 0.98
B76: CNE | C76: =CNE!C71 -> 3 | D76: =CNE!D71 -> 2.75 | E76: =CNE!E71 -> 2.5 | F76: =CNE!F71 -> 2 | G76: =CNE!G71 -> 1 | H76: =CNE!H71 -> 2 | J76: =CNE!J71 -> 3 | N76: =CNE!N71 -> 2 | P76: FOC | Q76: =FOC!C65 -> 1.7166667 | R76: =FOC!D65 -> 1.9083333 | S76: =FOC!E65 -> 1.8833333 | T76: =FOC!F65 -> 0.68333333 | U76: =FOC!G65 -> 1.6 | W76: =FOC!H65 -> 1.4833333
B77: AWP | C77: =AWP!C102 -> 2.76 | D77: =AWP!D102 -> 2.56 | E77: =AWP!E102 -> 2.425 | F77: =AWP!F102 -> 2.425 | G77: =AWP!G102 -> 2.48 | H77: =AWP!H102 -> 1.8 | N77: =AWP!N102 -> 2.925 | P77: IOT | Q77: ='IOT1'!C78 -> 3 | R77: ='IOT1'!D78 -> 2.6 | S77: ='IOT1'!E78 -> 2.2 | T77: ='IOT1'!F78 -> 2.25 | U77: ='IOT1'!G78 -> 3 | W77: ='IOT1'!I78 -> 2.4 | Y77: ='IOT1'!K78 -> 3 | Z77: ='IOT1'!L78 -> 2.25 | AB77: ='IOT1'!N78 -> 2.25
B78: CS | C78: =CS!C99 -> 2.45 | D78: =CS!D99 -> 2.45 | E78: =CS!E99 -> 2.125 | F78: =CS!F99 -> 0.875 | G78: =CS!G99 -> 1.775 | H78: =CS!H99 -> 1.3 | N78: =CS!N99 -> 1.75 | P78: MWE | Q78: =MWE!C102 -> 3 | R78: =MWE!D102 -> 2.6 | S78: =MWE!E102 -> 2.2 | T78: =MWE!F102 -> 3 | U78: =MWE!G102 -> 1.6666667 | Y78: =MWE!K102 -> 3 | AB78: =MWE!N102 -> 3
B79: PDC | C79: =PDC!C102 -> 1.95 | D79: =PDC!D102 -> 2.28 | E79: =PDC!E102 -> 2.05 | F79: =PDC!F102 -> 2.4 | G79: =PDC!G102 -> 2.46 | H79: =PDC!H102 -> 1.8 | N79: =PDC!N102 -> 1.6 | P79: EMB.SYS | Q79: =EMBEDDEDSYS!C65 -> 2.2 | R79: =EMBEDDEDSYS!D65 -> 2.2 | S79: =EMBEDDEDSYS!E65 -> 2.4 | T79: =EMBEDDEDSYS!F65 -> 2.5 | U79: =EMBEDDEDSYS!G65 -> 3 | V79: =EMBEDDEDSYS!H65 -> 3 | Y79: =EMBEDDEDSYS!K65 -> 3 | AA79: =EMBEDDEDSYS!M65 -> 2 | AB79: =EMBEDDEDSYS!N65 -> 3
B80: MOOCs-1 | C80: ='MOOCs-1'!C98 -> 2.75 | D80: ='MOOCs-1'!D98 -> 2.75 | E80: ='MOOCs-1'!E98 -> 2.5 | F80: ='MOOCs-1'!F98 -> 1 | G80: ='MOOCs-1'!G98 -> 2 | H80: ='MOOCs-1'!H98 -> 1.5 | N80: ='MOOCs-1'!N98 -> 2 | P80: GPS | Q80: =GPS!C80 -> 3 | R80: =GPS!D80 -> 3 | S80: =GPS!E80 -> 1.6 | T80: =GPS!F80 -> 2.6 | U80: =GPS!G80 -> 2.5 | V80: =GPS!H80 -> 3 | W80: =GPS!I80 -> 2.8 | X80: =GPS!J80 -> 2 | ... AB80: =GPS!N80 -> 2.4
B81: LIC LAB | C81: =LICLAB!C98 -> 3 | D81: =LICLAB!D98 -> 2 | E81: =LICLAB!E98 -> 1.5 | F81: =LICLAB!F98 -> 2 | G81: =LICLAB!G98 -> 3 | H81: =LICLAB!H98 -> 2 | I81: =LICLAB!I98 -> 2.75 | J81: =LICLAB!J98 -> 2.3333333 | ... N81: =LICLAB!N98 -> 2.25 | P81: MWE LAB | Q81: =MWELAB!C97 -> 3 | R81: =MWELAB!D97 -> 2 | S81: =MWELAB!E97 -> 1 | T81: =MWELAB!F97 -> 2 | U81: =MWELAB!G97 -> 2 | X81: =MWELAB!J97 -> 2 | Y81: =MWELAB!K97 -> 3 | Z81: =MWELAB!L97 -> 3 | AA81: =MWELAB!M97 -> 2 | AB81: =MWELAB!N97 -> 3
B82: ACDC LAB | C82: ='ACDC-LAB'!C98 -> 3 | D82: ='ACDC-LAB'!D98 -> 2 | E82: ='ACDC-LAB'!E98 -> 1 | F82: ='ACDC-LAB'!F98 -> 2 | G82: ='ACDC-LAB'!G98 -> 1 | H82: ='ACDC-LAB'!H98 -> 2 | I82: ='ACDC-LAB'!I98 -> 2 | J82: ='ACDC-LAB'!J98 -> 3 | ... N82: ='ACDC-LAB'!N98 -> 2 | P82: IOP LAB | Q82: ='SKILL LAB'!C98 -> 3 | R82: ='SKILL LAB'!D98 -> 2.5 | S82: ='SKILL LAB'!E98 -> 2.25 | T82: ='SKILL LAB'!F98 -> 2.6666667 | U82: ='SKILL LAB'!G98 -> 3 | W82: ='SKILL LAB'!I98 -> 2.5 | Y82: ='SKILL LAB'!K98 -> 3 | Z82: ='SKILL LAB'!L98 -> 2 | AA82: ='SKILL LAB'!M98 -> 1 | AB82: ='SKILL LAB'!N98 -> 2
B83: VLSI-3.2 | C83: =VLSI3.2!C102 -> 2.38 | D83: =VLSI3.2!D102 -> 2.38 | E83: =VLSI3.2!E102 -> 2.14 | F83: =VLSI3.2!F102 -> 1.12 | G83: =VLSI3.2!G102 -> 1.86 | H83: =VLSI3.2!H102 -> 1.35 | N83: =VLSI3.2!N102 -> 1.75 | P83: INTERNSHIP | Q83: =INTERNSHIP!C98 -> 2 | R83: =INTERNSHIP!D98 -> 2.25 | S83: =INTERNSHIP!E98 -> 1.5 | T83: =INTERNSHIP!F98 -> 2 | U83: =INTERNSHIP!G98 -> 2.25 | W83: =INTERNSHIP!I98 -> 1 | Y83: =INTERNSHIP!K98 -> 2.25 | Z83: =INTERNSHIP!L98 -> 2.25 | AA83: =INTERNSHIP!M98 -> 1.5 | AB83: =INTERNSHIP!N98 -> 2.25
B84: MPMC | C84: =MPMC!C102 -> 2.5 | D84: =MPMC!D102 -> 2 | E84: =MPMC!E102 -> 1.75 | F84: =MPMC!F102 -> 2.6666667 | G84: =MPMC!G102 -> 3 | I84: =MPMC!I102 -> 2 | K84: =MPMC!K102 -> 3 | M84: =MPMC!M102 -> 3 | N84: =MPMC!N102 -> 2.5 | P84: PROJECT-4.2 | Q84: =PROJECT4.2!C88 -> 2.75 | R84: =PROJECT4.2!D88 -> 2.75 | S84: =PROJECT4.2!E88 -> 2.5 | T84: =PROJECT4.2!F88 -> 2.5 | U84: =PROJECT4.2!G88 -> 2.5 | V84: =PROJECT4.2!H88 -> 1 | W84: =PROJECT4.2!I88 -> 1 | Y84: =PROJECT4.2!K88 -> 1.75 | Z84: =PROJECT4.2!L88 -> 2.25 | AA84: =PROJECT4.2!M88 -> 2.3333333 | AB84: =PROJECT4.2!N88 -> 2.25
B85: DSP | C85: =DSP!C102 -> 2.925 | D85: =DSP!D102 -> 2.675 | E85: =DSP!E102 -> 2.925 | F85: =DSP!F102 -> 0.975 | G85: =DSP!G102 -> 2.675 | H85: =DSP!H102 -> 2 | N85: =DSP!N102 -> 1.95 | P85: MOOCs-2 | Q85: ='MOOCs-II'!C98 -> 3 | R85: ='MOOCs-II'!D98 -> 2.5 | S85: ='MOOCs-II'!E98 -> 2.25 | T85: ='MOOCs-II'!F98 -> 2.6666667 | U85: ='MOOCs-II'!G98 -> 3 | W85: ='MOOCs-II'!I98 -> 2.5 | Y85: ='MOOCs-II'!K98 -> 3 | Z85: ='MOOCs-II'!L98 -> 2 | AA85: ='MOOCs-II'!M98 -> 1 | AB85: ='MOOCs-II'!N98 -> 2
B86: CMC | C86: =CMC!C74 -> 3 | D86: =CMC!D74 -> 2.6 | E86: =CMC!E74 -> 1.8 | F86: =CMC!F74 -> 2.5 | G86: =CMC!G74 -> 3 | I86: =CMC!I74 -> 2.4 | K86: =CMC!K74 -> 3 | L86: =CMC!L74 -> 2.25 | N86: =CMC!N74 -> 3
B87: ITC | C87: =ITC!C73 -> 2.52 | D87: =ITC!D73 -> 1.5 | E87: =ITC!E73 -> 1.16 | F87: =ITC!F73 -> 1.84 | G87: =ITC!G73 -> 2.52 | I87: =ITC!I73 -> 1.7 | N87: =ITC!N73 -> 1.68
B88: SC | C88: =SC!C66 -> 2.775 | D88: =SC!D66 -> 2.775 | E88: =SC!E66 -> 1.625 | F88: =SC!F66 -> 2.775 | G88: =SC!G66 -> 2.7 | I88: =SC!I66 -> 2.3 | J88: =SC!J66 -> 1.85 | K88: =SC!K66 -> 2.775 | L88: =SC!L66 -> 2.775 | M88: =SC!M66 -> 1.85 | N88: =SC!N66 -> 2.7
B89: EMI | C89: =EMI!C71 -> 2.1333333 | D89: =EMI!D71 -> 2.1333333 | E89: =EMI!E71 -> 1.8083333 | F89: =EMI!F71 -> 0.75 | G89: =EMI!G71 -> 1.575 | H89: =EMI!H71 -> 1.2666667 | N89: =EMI!N71 -> 1.5
B90: DSP LAB | C90: =DSPLAB!C97 -> 3 | D90: =DSPLAB!D97 -> 2.5 | E90: =DSPLAB!E97 -> 2 | F90: =DSPLAB!F97 -> 2.6666667 | G90: =DSPLAB!G97 -> 3 | I90: =DSPLAB!I97 -> 2 | J90: =DSPLAB!J97 -> 2 | K90: =DSPLAB!K97 -> 3 | L90: =DSPLAB!L97 -> 3 | M90: =DSPLAB!M97 -> 3 | N90: =DSPLAB!N97 -> 2.5
B91: MPMC LAB | C91: =MPMCLAB!C97 -> 3 | D91: =MPMCLAB!D97 -> 2.5 | E91: =MPMCLAB!E97 -> 2.5 | F91: =MPMCLAB!F97 -> 2.5 | G91: =MPMCLAB!G97 -> 3 | I91: =MPMCLAB!I97 -> 2 | J91: =MPMCLAB!J97 -> 2 | K91: =MPMCLAB!K97 -> 3 | L91: =MPMCLAB!L97 -> 3 | M91: =MPMCLAB!M97 -> 3 | N91: =MPMCLAB!N97 -> 2.75
F93: COURSE | J93: PO1 | K93: PO2 | L93: PO3 | M93: PO4 | N93: PO5 | O93: PO6 | P93: PO7 | Q93: PO8 | R93: PO9 | S93: PO10 | T93: PO11 | U93: PO12
F94: ATTAINMENTS AVERAGE OF ALL COURSES | J94: =AVERAGE(C53:C65,Q53:Q69,C74:C91,Q74:Q85) -> 2.6277778 | K94: =AVERAGE(D53:D65,R53:R69,D74:D91,R75:R85) -> 2.4016667 | L94: =AVERAGE(E53:E65,S53:S69,E74:E91,S75:S85) -> 1.9490058 | M94: =AVERAGE(F53:F65,T53:T69,F74:F91,T75:T85) -> 1.9778616 | N94: =AVERAGE(G53:G65,U53:U69,G74:G91,U75:U85) -> 2.0590881 | O94: =AVERAGE(H53:H65,V53:V69,H74:H91,V75:V85) -> 1.847963 | P94: =AVERAGE(I53:I65,W53:W69,I74:I91,W75:W85) -> 2.1506548 | Q94: =AVERAGE(J53:J65,X53:X69,J74:J91,X75:X85) -> 2.193 | R94: =AVERAGE(K53:K65,Y53:Y69,K74:K91,Y75:Y85) -> 2.7160345 | ... U94: =AVERAGE(N53:N65,AB53:AB69,N74:N91,AB75:AB85) -> 2.2060632
B96: CO-PSO MAPPINGS & ATTAINMENTS AVERAGE OF ALL COURSES
B98: COURSE | C98: MAPPINGS | F98: ATTAINMENT | J98: COURSE | K98: MAPPINGS | N98: ATTAINMENT | R98: COURSE | S98: MAPPINGS | V98: ATTAINMENT | Z98: COURSE | AA98: MAPPINGS | AD98: ATTAINMENT
C99: PSO1 | D99: PSO2 | E99: PSO3 | F99: PSO1 | G99: PSO2 | H99: PSO3 | K99: PSO1 | L99: PSO2 | M99: PSO3 | N99: PSO1 | O99: PSO2 | P99: PSO3 | S99: PSO1 | T99: PSO2 | U99: PSO3 | V99: PSO1 | W99: PSO2 | X99: PSO3 | AA99: PSO1 | AB99: PSO2 | AC99: PSO3 | AD99: PSO1 | AE99: PSO2 | AF99: PSO3
B100: FIRST YEAR COURSES | J100: SECOND YEAR COURSES | R100: THIRD YEAR COURSES | Z100: FOURTH YEAR COURSES
B101: M 2 | C101: ='M-II'!P83 -> 2.8 | D101: ='M-II'!Q83 -> 2 | E101: ='M-II'!R83 -> 1 | F101: ='M-II'!P94 -> 2.8 | G101: ='M-II'!Q94 -> 2 | H101: ='M-II'!R94 -> 1 | J101: M-IV | K101: ='M-IV'!C109 -> 2.75 | L101: ='M-IV'!D109 -> 2 | M101: ='M-IV'!E109 -> 1 | N101: ='M-IV'!L109 -> 2.75 | O101: ='M-IV'!M109 -> 2 | P101: ='M-IV'!N109 -> 1 | R101: LICA-3.1 | S101: =LICA3.1!C113 -> 3 | T101: =LICA3.1!D113 -> 3 | U101: =LICA3.1!E113 -> 1.5 | V101: =LICA3.1!L113 -> 2.775 | W101: =LICA3.1!M113 -> 2.775 | X101: =LICA3.1!N113 -> 1.375 | Z101: PEM | AA101: =PEM!C113 -> 1 | AB101: =PEM!D113 -> 1 | AC101: =PEM!E113 -> 1.8 | AD101: =PEM!N113 -> 0.98 | AE101: =PEM!O113 -> 0.98 | AF101: =PEM!P113 -> 1.76
B102: M 1 | C102: ='M-I'!O82 -> 1 | D102: ='M-I'!P82 -> 1 | F102: ='M-I'!O93 -> 1 | G102: ='M-I'!P93 -> 1 | J102: NTA | K102: =NT!C109 -> 2.75 | L102: =NT!D109 -> 2.25 | M102: =NT!E109 -> 1 | N102: =NT!L109 -> 2.225 | O102: =NT!M109 -> 1.825 | P102: =NT!N109 -> 0.75 | R102: AC&DC | S102: ='AC&DC'!D116 -> 3 | T102: ='AC&DC'!E116 -> 3 | U102: ='AC&DC'!F116 -> 2 | V102: ='AC&DC'!P116 -> 2.325 | W102: ='AC&DC'!Q116 -> 2.325 | X102: ='AC&DC'!R116 -> 1.55 | Z102: RE | AA102: =RE!C113 -> 3 | AB102: =RE!D113 -> 1 | AC102: =RE!E113 -> 2 | AD102: =RE!N113 -> 2.94 | AE102: =RE!O113 -> 0.975 | AF102: =RE!P113 -> 1.96
B103: PHY | C103: ='PHY '!C101 -> 3 | D103: ='PHY '!D101 -> 1 | E103: ='PHY '!E101 -> 3 | F103: ='PHY '!L101 -> 3 | G103: ='PHY '!M101 -> 1 | H103: ='PHY '!N101 -> 3 | J103: EM | K103: =EM!C107 -> 2.75 | L103: =EM!D107 -> 2.25 | M103: =EM!E107 -> 1 | N103: =EM!N107 -> 2.2 | O103: =EM!O107 -> 1.775 | P103: =EM!P107 -> 0.8 | R103: CNE | S103: =CNE!C80 -> 2.5 | T103: =CNE!D80 -> 2.5 | U103: =CNE!E80 -> 2 | V103: =CNE!O80 -> 2.5 | W103: =CNE!P80 -> 2.5 | X103: =CNE!Q80 -> 2 | Z103: FOC | AA103: =FOC!C75 -> 2.5 | AB103: =FOC!D75 -> 2.5 | AC103: =FOC!E75 -> 1 | AD103: =FOC!O75 -> 1.7166667 | AE103: =FOC!P75 -> 1.7416667 | AF103: =FOC!Q75 -> 0.75
B104: EG | C104: =EG!N85 -> 2.5 | D104: =EG!O85 -> 2.5 | E104: =EG!P85 -> 2 | F104: =EG!N91 -> 2.3 | G104: =EG!O91 -> 2.3 | H104: =EG!P91 -> 1.825 | J104: EDC | K104: =EDC!C106 -> 2.75 | L104: =EDC!D106 -> 2.25 | M104: =EDC!E106 -> 1 | N104: =EDC!L106 -> 1.8333333 | O104: =EDC!M106 -> 1.475 | P104: =EDC!N106 -> 0.66666667 | R104: AWP | S104: =AWP!C113 -> 3 | T104: =AWP!D113 -> 3 | U104: =AWP!E113 -> 2.4 | V104: =AWP!N113 -> 2.76 | W104: =AWP!O113 -> 2.76 | X104: =AWP!P113 -> 2.22 | Z104: IOT | AA104: ='IOT1'!C89 -> 3 | AB104: ='IOT1'!D89 -> 2.4 | AC104: ='IOT1'!E89 -> 2.4 | AD104: ='IOT1'!O89 -> 3 | AE104: ='IOT1'!P89 -> 2.4 | AF104: ='IOT1'!Q89 -> 2.4
B105: PHY LAB | C105: =PHYLAB!D87 -> 3 | D105: =PHYLAB!E87 -> 3 | E105: =PHYLAB!F87 -> 2 | F105: =PHYLAB!I87 -> 3 | G105: =PHYLAB!J87 -> 3 | H105: =PHYLAB!K87 -> 2 | J105: SS | K105: =SS!C108 -> 3 | L105: =SS!D108 -> 2.5 | M105: =SS!E108 -> 2 | N105: =SS!N108 -> 2.4 | O105: =SS!O108 -> 2.05 | P105: =SS!P108 -> 1.4 | R105: CS | S105: =CS!C109 -> 2.75 | T105: =CS!D109 -> 2.25 | U105: =CS!E109 -> 1 | V105: =CS!N109 -> 2.45 | W105: =CS!O109 -> 1.95 | X105: =CS!P109 -> 0.9 | Z105: MWE | AA105: =MWE!C113 -> 3 | AB105: =MWE!D113 -> 1.8 | AC105: =MWE!E113 -> 2.2 | AD105: =MWE!N113 -> 3 | AE105: =MWE!O113 -> 1.8 | AF105: =MWE!P113 -> 2.2
B106: WS LAB | C106: =WSLAB!P72 -> 3 | D106: =WSLAB!Q72 -> 3 | E106: =WSLAB!R72 -> 2 | F106: =WSLAB!P79 -> 3 | G106: =WSLAB!Q79 -> 3 | H106: =WSLAB!R79 -> 2 | J106: DS | K106: =DS!C109 -> 3 | L106: =DS!D109 -> 3 | N106: =DS!N109 -> 2.7 | O106: =DS!O109 -> 2.7 | R106: PDC | S106: =PDC!C113 -> 3 | T106: =PDC!D113 -> 2.2 | U106: =PDC!E113 -> 2.2 | V106: =PDC!N113 -> 2.46 | W106: =PDC!O113 -> 1.74 | X106: =PDC!P113 -> 1.82 | Z106: EMB.SYS | AA106: =EMBEDDEDSYS!C76 -> 1.8 | AB106: =EMBEDDEDSYS!D76 -> 3 | AC106: =EMBEDDEDSYS!E76 -> 2 | AD106: =EMBEDDEDSYS!N76 -> 1.8 | AE106: =EMBEDDEDSYS!O76 -> 3 | AF106: =EMBEDDEDSYS!P76 -> 2
B107: M 3-1.2 | C107: ='M-III1.2'!R81 -> 2.75 | D107: ='M-III1.2'!S81 -> 2 | E107: ='M-III1.2'!T81 -> 1 | F107: ='M-III1.2'!R93 -> 2.75 | G107: ='M-III1.2'!S93 -> 2 | H107: ='M-III1.2'!T93 -> 1 | J107: NTM LAB | K107: =NTMLAB!C109 -> 3 | L107: =NTMLAB!D109 -> 2 | M107: =NTMLAB!E109 -> 2 | N107: =NTMLAB!H109 -> 3 | O107: =NTMLAB!I109 -> 2 | P107: =NTMLAB!J109 -> 2 | R107: MOOCs-1 | S107: ='MOOCs-1'!C109 -> 2.75 | T107: ='MOOCs-1'!D109 -> 2.5 | U107: ='MOOCs-1'!E109 -> 2 | V107: ='MOOCs-1'!H109 -> 2.75 | W107: ='MOOCs-1'!I109 -> 2.5 | X107: ='MOOCs-1'!J109 -> 2 | Z107: GPS | AA107: =GPS!C91 -> 2.6 | AB107: =GPS!D91 -> 2.2 | AC107: =GPS!E91 -> 2.25 | AD107: =GPS!O91 -> 2.6 | AE107: =GPS!P91 -> 2.2 | AF107: =GPS!Q91 -> 2.25
B108: BEE | C108: =BEE!P83 -> 3 | D108: =BEE!Q83 -> 3 | E108: =BEE!R83 -> 2 | F108: =BEE!P94 -> 2.655 | G108: =BEE!Q94 -> 2.655 | H108: =BEE!R94 -> 1.77 | J108: EDC LAB | K108: =EDCLAB!C109 -> 3 | L108: =EDCLAB!D109 -> 3 | M108: =EDCLAB!E109 -> 2 | N108: =EDCLAB!H109 -> 3 | O108: =EDCLAB!I109 -> 3 | P108: =EDCLAB!J109 -> 2 | R108: LIC LAB | S108: =LICLAB!C109 -> 2.75 | T108: =LICLAB!D109 -> 2.5 | U108: =LICLAB!E109 -> 2 | V108: =LICLAB!H109 -> 2.75 | W108: =LICLAB!I109 -> 2.5 | X108: =LICLAB!J109 -> 2 | Z108: MWELAB | AA108: =MWELAB!C108 -> 3 | AB108: =MWELAB!D108 -> 2.3333333 | AC108: =MWELAB!E108 -> 2 | AD108: =MWELAB!H108 -> 3 | AE108: =MWELAB!I108 -> 2.3333333 | AF108: =MWELAB!J108 -> 2
B109: CHE | C109: =CHE!P85 -> 1.6666667 | D109: =CHE!Q85 -> 1.5 | E109: =CHE!R85 -> 1.5 | F109: =CHE!P97 -> 1.6666667 | G109: =CHE!Q97 -> 1.5 | H109: =CHE!R97 -> 1.5 | J109: M-V | K109: ='M-V'!C109 -> 2.75 | L109: ='M-V'!D109 -> 2.25 | M109: ='M-V'!E109 -> 1 | N109: ='M-V'!L109 -> 2.75 | O109: ='M-V'!M109 -> 2.25 | P109: ='M-V'!N109 -> 1 | R109: ACDC LAB | S109: ='ACDC-LAB'!C109 -> 3 | T109: ='ACDC-LAB'!D109 -> 3 | U109: ='ACDC-LAB'!E109 -> 3 | V109: ='ACDC-LAB'!H109 -> 3 | W109: ='ACDC-LAB'!I109 -> 3 | X109: ='ACDC-LAB'!J109 -> 3 | Z109: SKILL LAB | AA109: ='SKILL LAB'!C109 -> 3 | AB109: ='SKILL LAB'!D109 -> 2.5 | AC109: ='SKILL LAB'!E109 -> 2 | AD109: ='SKILL LAB'!H109 -> 3 | AE109: ='SKILL LAB'!I109 -> 2.5 | AF109: ='SKILL LAB'!J109 -> 2
B110: CPNM | C110: =CPNM!P81 -> 2.75 | D110: =CPNM!Q81 -> 2.25 | E110: =CPNM!R81 -> 1.75 | F110: =CPNM!P91 -> 2.5 | G110: =CPNM!Q91 -> 2.025 | H110: =CPNM!R91 -> 1.6 | J110: EMFTL | K110: =EMFTL!C108 -> 2 | N110: =EMFTL!O108 -> 1.75 | R110: VLSI-3.2 | S110: =VLSI3.2!C113 -> 2.8 | T110: =VLSI3.2!D113 -> 2.2 | U110: =VLSI3.2!E113 -> 1 | V110: =VLSI3.2!O113 -> 2.45 | W110: =VLSI3.2!P113 -> 1.975 | X110: =VLSI3.2!Q113 -> 0.9 | Z110: Internship | AA110: =INTERNSHIP!C109 -> 2 | AB110: =INTERNSHIP!D109 -> 2 | AC110: =INTERNSHIP!E109 -> 2.25 | AD110: =INTERNSHIP!H109 -> 2 | AE110: =INTERNSHIP!I109 -> 2 | AF110: =INTERNSHIP!J109 -> 2.25
B111: ENG | C111: =ENGLISH1.1!C101 -> 2 | D111: =ENGLISH1.1!D101 -> 2.4 | E111: =ENGLISH1.1!E101 -> 3 | F111: =ENGLISH1.1!L101 -> 2 | G111: =ENGLISH1.1!M101 -> 2.4 | H111: =ENGLISH1.1!N101 -> 3 | J111: AEC | K111: =AEC!C111 -> 3 | L111: =AEC!D111 -> 1 | M111: =AEC!E111 -> 2 | N111: =AEC!N111 -> 2.325 | O111: =AEC!O111 -> 0.775 | P111: =AEC!P111 -> 1.55 | R111: MPMC | S111: =MPMC!C113 -> 3 | T111: =MPMC!D113 -> 2.5 | U111: =MPMC!E113 -> 2 | V111: =MPMC!O113 -> 3 | W111: =MPMC!P113 -> 2.5 | X111: =MPMC!Q113 -> 2 | Z111: PROJECT | AA111: 3 | AB111: 4 | AC111: 5 | AD111: 3 | AE111: 4 | AF111: 5
B112: CHE LAB | C112: =CHELAB!P73 -> 1 | D112: =CHELAB!Q73 -> 3 | E112: =CHELAB!R73 -> 3 | F112: =CHELAB!P80 -> 1 | G112: =CHELAB!Q80 -> 3 | H112: =CHELAB!R80 -> 3 | J112: STLD | K112: =STLD!C109 -> 2.75 | L112: =STLD!D109 -> 2.25 | M112: =STLD!E109 -> 1 | N112: =STLD!M109 -> 2.45 | O112: =STLD!N109 -> 1.95 | P112: =STLD!O109 -> 0.9 | R112: DSP | S112: =DSP!C113 -> 2.8 | T112: =DSP!D113 -> 2.2 | U112: =DSP!E113 -> 1 | V112: =DSP!O113 -> 2.62 | W112: =DSP!P113 -> 2.08 | X112: =DSP!Q113 -> 1 | Z112: MOOCs-2 | AA112: ='MOOCs-II'!C109 -> 3 | AB112: ='MOOCs-II'!D109 -> 2.5 | AC112: ='MOOCs-II'!E109 -> 2 | AD112: ='MOOCs-II'!H109 -> 3 | AE112: ='MOOCs-II'!I109 -> 2.5 | AF112: ='MOOCs-II'!J109 -> 2
...

Sheet M-I
A2: Subject: | C2: Mathematics - I | I2: AY: | K2: 2019-20
A3: Faculty: | C3: Dr. K.V.S.SARMA | I3: Batch: | K3: 2019-2023
B4: Year and Semester: | C4: I Yr I Semester | I4: Branch: | K4: ECE
C5: I Mid | N5: II MID
B6: Register Number | C6: Question No.1 | H6: Question No 2 | J6: Question No 3 | L6: Question No 4 | N6: Question No.1 | S6: Question No 2 | U6: Question No 3 | W6: Question No 4 | Y6: University Grade | Z6: Marks Obtained
C7: a | D7: b | E7: c | F7: d | G7: e | H7: a | I7: b | J7: a | K7: b | L7: a | M7: b | N7: a | O7: b | P7: c | Q7: a | R7: b | S7: a | T7: b | U7: a | V7: b | W7: a | X7: b
B8: Matching CO | C8: CO1 | D8: CO1 | E8: CO2 | F8: CO1 | G8: CO1 | H8: CO1 | I8: CO1 | J8: CO2 | K8: CO2 | L8: CO2 | M8: CO2 | N8: CO3 | O8: CO4 | P8: CO5 | Q8: CO3 | R8: CO3 | S8: CO4 | T8: CO4 | U8: CO5 | V8: CO5 | W8: CO5 | X8: CO5
A9: Sl.No. | B9: Maximum Marks | C9: 2 | D9: 2 | E9: 2 | F9: 2 | G9: 2 | H9: 5 | I9: 5 | J9: 5 | K9: 5 | L9: 5 | M9: 5 | N9: 2 | O9: 2 | P9: 2 | Q9: 2 | R9: 2 | S9: 5 | T9: 5 | U9: 5 | V9: 5 | W9: 5 | X9: 5 | Y9: 100
A10: 1 | B10: 5191421001 | C10: 1 | E10: 1 | F10: 1 | H10: 5 | I10: 2 | L10: 5 | M10: 5 | N10: 1 | P10: 2 | Q10: 2 | S10: 4 | W10: 5 | X10: 4 | Y10: B+ | Z10: =IF(Y10="O",100,IF(Y10="A+",90,IF(Y10="A",80,IF(Y10="B+",70,IF(Y10="B",60,IF(Y10="C",55,IF(Y10="P",50,IF(Y10="F",39)))))))) -> 70
A11: 2 | B11: =+B10+1 -> 5191421002 | D11: 2 | E11: 2 | F11: 2 | G11: 2 | H11: 5 | I11: 3 | L11: 5 | M11: 5 | O11: 2 | P11: 2 | Q11: 2 | U11: 4 | V11: 5 | W11: 5 | X11: 3 | Y11: A+ | Z11: =IF(Y11="O",100,IF(Y11="A+",90,IF(Y11="A",80,IF(Y11="B+",70,IF(Y11="B",60,IF(Y11="C",55,IF(Y11="P",50,IF(Y11="F",39)))))))) -> 90
A12: 3 | B12: =+B11+1 -> 5191421003 | C12: 1 | D12: 1 | E12: 2 | F12: 2 | G12: 2 | H12: 5 | I12: 5 | J12: 5 | K12: 5 | L12: 5 | M12: 5 | N12: 1 | O12: 2 | P12: 2 | Q12: 2 | S12: 5 | T12: 5 | U12: 5 | V12: 5 | Y12: O | Z12: =IF(Y12="O",100,IF(Y12="A+",90,IF(Y12="A",80,IF(Y12="B+",70,IF(Y12="B",60,IF(Y12="C",55,IF(Y12="P",50,IF(Y12="F",39)))))))) -> 100
A13: 4 | B13: =+B12+1 -> 5191421004 | C13: 1 | D13: 1 | E13: 2 | G13: 2 | H13: 3 | I13: 1 | N13: 2 | O13: 1 | P13: 2 | R13: 2 | T13: 5 | V13: 4 | Y13: F | Z13: =IF(Y13="O",100,IF(Y13="A+",90,IF(Y13="A",80,IF(Y13="B+",70,IF(Y13="B",60,IF(Y13="C",55,IF(Y13="P",50,IF(Y13="F",39)))))))) -> 39
A14: 5 | B14: =+B13+1 -> 5191421005 | C14: 1 | E14: 2 | G14: 2 | H14: 5 | J14: 5 | N14: 2 | O14: 2 | P14: 2 | S14: 5 | T14: 2 | U14: 5 | V14: 4 | Y14: B+ | Z14: =IF(Y14="O",100,IF(Y14="A+",90,IF(Y14="A",80,IF(Y14="B+",70,IF(Y14="B",60,IF(Y14="C",55,IF(Y14="P",50,IF(Y14="F",39)))))))) -> 70
A15: 6 | B15: =+B14+1 -> 5191421006 | C15: 1 | D15: 1 | E15: 2 | F15: 2 | G15: 2 | H15: 5 | I15: 5 | J15: 5 | L15: 5 | M15: 5 | N15: 2 | O15: 2 | P15: 2 | Q15: 2 | R15: 2 | S15: 5 | T15: 5 | U15: 5 | V15: 5 | Y15: O | Z15: =IF(Y15="O",100,IF(Y15="A+",90,IF(Y15="A",80,IF(Y15="B+",70,IF(Y15="B",60,IF(Y15="C",55,IF(Y15="P",50,IF(Y15="F",39)))))))) -> 100
A16: 7 | B16: =+B15+1 -> 5191421007 | C16: 1 | D16: 1 | E16: 2 | F16: 2 | G16: 2 | H16: 5 | I16: 3 | J16: 2 | L16: 5 | M16: 5 | N16: 2 | P16: 2 | Q16: 2 | R16: 1 | S16: 5 | T16: 5 | W16: 5 | X16: 4 | Y16: A+ | Z16: =IF(Y16="O",100,IF(Y16="A+",90,IF(Y16="A",80,IF(Y16="B+",70,IF(Y16="B",60,IF(Y16="C",55,IF(Y16="P",50,IF(Y16="F",39)))))))) -> 90
A17: 8 | B17: =+B16+1 -> 5191421008 | C17: 2 | D17: 1 | E17: 2 | F17: 2 | H17: 2 | J17: 3 | K17: 1 | N17: 2 | P17: 2 | U17: 5 | W17: 3 | X17: 2 | Y17: B | Z17: =IF(Y17="O",100,IF(Y17="A+",90,IF(Y17="A",80,IF(Y17="B+",70,IF(Y17="B",60,IF(Y17="C",55,IF(Y17="P",50,IF(Y17="F",39)))))))) -> 60
A18: 9 | B18: =+B17+1 -> 5191421009 | C18: 1 | D18: 2 | E18: 2 | G18: 1 | H18: 3 | J18: 5 | K18: 1 | L18: 5 | M18: 3 | N18: 2 | O18: 2 | Q18: 2 | S18: 2 | T18: 5 | W18: 5 | X18: 1 | Y18: A | Z18: =IF(Y18="O",100,IF(Y18="A+",90,IF(Y18="A",80,IF(Y18="B+",70,IF(Y18="B",60,IF(Y18="C",55,IF(Y18="P",50,IF(Y18="F",39)))))))) -> 80
A19: 10 | B19: =+B18+1 -> 5191421010 | C19: 1 | D19: 1 | E19: 2 | H19: 2 | J19: 5 | K19: 3 | L19: 5 | O19: 2 | P19: 2 | Q19: 2 | S19: 5 | U19: 2 | W19: 3 | Y19: B+ | Z19: =IF(Y19="O",100,IF(Y19="A+",90,IF(Y19="A",80,IF(Y19="B+",70,IF(Y19="B",60,IF(Y19="C",55,IF(Y19="P",50,IF(Y19="F",39)))))))) -> 70
A20: 11 | B20: =+B19+1 -> 5191421011 | C20: 1 | D20: 2 | E20: 2 | G20: 2 | H20: 5 | J20: 5 | K20: 5 | L20: 5 | M20: 5 | N20: 2 | O20: 2 | P20: 1 | R20: 1 | S20: 4 | W20: 5 | X20: 5 | Y20: A+ | Z20: =IF(Y20="O",100,IF(Y20="A+",90,IF(Y20="A",80,IF(Y20="B+",70,IF(Y20="B",60,IF(Y20="C",55,IF(Y20="P",50,IF(Y20="F",39)))))))) -> 90
A21: 12 | B21: =+B20+1 -> 5191421012 | K21: 1 | M21: 2 | P21: 1 | Q21: 1 | S21: 3 | U21: 5 | X21: 5 | Y21: P | Z21: =IF(Y21="O",100,IF(Y21="A+",90,IF(Y21="A",80,IF(Y21="B+",70,IF(Y21="B",60,IF(Y21="C",55,IF(Y21="P",50,IF(Y21="F",39)))))))) -> 50
A22: 13 | B22: =+B21+1 -> 5191421013 | C22: 1 | D22: 1 | E22: 2 | F22: 1 | H22: 5 | J22: 2 | K22: 3 | N22: 2 | O22: 2 | P22: 2 | Q22: 2 | S22: 5 | T22: 3 | W22: 5 | X22: 5 | Y22: A | Z22: =IF(Y22="O",100,IF(Y22="A+",90,IF(Y22="A",80,IF(Y22="B+",70,IF(Y22="B",60,IF(Y22="C",55,IF(Y22="P",50,IF(Y22="F",39)))))))) -> 80
A23: 14 | B23: =+B22+1 -> 5191421014 | C23: 1 | D23: 2 | E23: 1 | H23: 5 | I23: 1 | J23: 2 | K23: 2 | N23: 2 | O23: 1 | P23: 1 | Q23: 1 | R23: 1 | T23: 5 | W23: 5 | X23: 5 | Y23: A | Z23: =IF(Y23="O",100,IF(Y23="A+",90,IF(Y23="A",80,IF(Y23="B+",70,IF(Y23="B",60,IF(Y23="C",55,IF(Y23="P",50,IF(Y23="F",39)))))))) -> 80
A24: 15 | B24: =+B23+1 -> 5191421015 | C24: 1 | D24: 1 | E24: 1 | F24: 1 | H24: 3 | I24: 2 | L24: 5 | N24: 2 | P24: 2 | U24: 5 | V24: 3 | W24: 5 | Y24: P | Z24: =IF(Y24="O",100,IF(Y24="A+",90,IF(Y24="A",80,IF(Y24="B+",70,IF(Y24="B",60,IF(Y24="C",55,IF(Y24="P",50,IF(Y24="F",39)))))))) -> 50
A25: 16 | B25: =+B24+1 -> 5191421016 | D25: 1 | E25: 1 | F25: 1 | G25: 2 | H25: 2 | J25: 5 | Y25: P | Z25: =IF(Y25="O",100,IF(Y25="A+",90,IF(Y25="A",80,IF(Y25="B+",70,IF(Y25="B",60,IF(Y25="C",55,IF(Y25="P",50,IF(Y25="F",39)))))))) -> 50
A26: 17 | B26: =+B25+1 -> 5191421017 | C26: 1 | D26: 1 | E26: 2 | G26: 2 | H26: 2 | J26: 2 | N26: 2 | S26: 2 | T26: 2 | W26: 1 | X26: 5 | Y26: B | Z26: =IF(Y26="O",100,IF(Y26="A+",90,IF(Y26="A",80,IF(Y26="B+",70,IF(Y26="B",60,IF(Y26="C",55,IF(Y26="P",50,IF(Y26="F",39)))))))) -> 60
A27: 18 | B27: =+B26+1 -> 5191421018 | E27: 2 | X27: 3 | Y27: B | Z27: =IF(Y27="O",100,IF(Y27="A+",90,IF(Y27="A",80,IF(Y27="B+",70,IF(Y27="B",60,IF(Y27="C",55,IF(Y27="P",50,IF(Y27="F",39)))))))) -> 60
A28: 19 | B28: =+B27+1 -> 5191421019 | C28: 2 | D28: 1 | E28: 2 | F28: 2 | G28: 2 | H28: 5 | J28: 5 | K28: 5 | L28: 5 | M28: 3 | N28: 2 | P28: 2 | Q28: 2 | S28: 5 | T28: 5 | U28: 5 | V28: 3 | Y28: O | Z28: =IF(Y28="O",100,IF(Y28="A+",90,IF(Y28="A",80,IF(Y28="B+",70,IF(Y28="B",60,IF(Y28="C",55,IF(Y28="P",50,IF(Y28="F",39)))))))) -> 100
A29: 20 | B29: =+B28+1 -> 5191421020 | C29: 2 | D29: 2 | E29: 2 | F29: 2 | H29: 5 | I29: 5 | J29: 5 | K29: 5 | L29: 5 | M29: 2 | N29: 2 | P29: 2 | Q29: 2 | S29: 5 | T29: 5 | U29: 5 | V29: 3 | Y29: O | Z29: =IF(Y29="O",100,IF(Y29="A+",90,IF(Y29="A",80,IF(Y29="B+",70,IF(Y29="B",60,IF(Y29="C",55,IF(Y29="P",50,IF(Y29="F",39)))))))) -> 100
A30: 21 | B30: =+B29+1 -> 5191421021 | C30: 1 | E30: 2 | F30: 1 | H30: 5 | J30: 5 | K30: 5 | L30: 5 | N30: 2 | O30: 2 | P30: 2 | Q30: 2 | S30: 5 | T30: 2 | U30: 5 | V30: 2 | Y30: A | Z30: =IF(Y30="O",100,IF(Y30="A+",90,IF(Y30="A",80,IF(Y30="B+",70,IF(Y30="B",60,IF(Y30="C",55,IF(Y30="P",50,IF(Y30="F",39)))))))) -> 80
A31: 22 | B31: =+B30+1 -> 5191421022 | C31: 1 | E31: 2 | H31: 3 | N31: 2 | O31: 1 | P31: 2 | T31: 3 | X31: 3 | Y31: B+ | Z31: =IF(Y31="O",100,IF(Y31="A+",90,IF(Y31="A",80,IF(Y31="B+",70,IF(Y31="B",60,IF(Y31="C",55,IF(Y31="P",50,IF(Y31="F",39)))))))) -> 70
A32: 23 | B32: =+B31+1 -> 5191421023 | C32: 1 | E32: 2 | H32: 2 | I32: 1 | N32: 2 | O32: 1 | P32: 2 | Q32: 2 | R32: 1 | W32: 2 | X32: 2 | Y32: P | Z32: =IF(Y32="O",100,IF(Y32="A+",90,IF(Y32="A",80,IF(Y32="B+",70,IF(Y32="B",60,IF(Y32="C",55,IF(Y32="P",50,IF(Y32="F",39)))))))) -> 50
A33: 24 | B33: =+B32+1 -> 5191421024 | E33: 1 | H33: 2 | J33: 5 | K33: 2 | Y33: C | Z33: =IF(Y33="O",100,IF(Y33="A+",90,IF(Y33="A",80,IF(Y33="B+",70,IF(Y33="B",60,IF(Y33="C",55,IF(Y33="P",50,IF(Y33="F",39)))))))) -> 55
A34: 25 | B34: =+B33+1 -> 5191421025 | C34: 2 | D34: 2 | E34: 2 | F34: 2 | G34: 2 | H34: 5 | I34: 5 | J34: 5 | K34: 5 | L34: 5 | M34: 5 | N34: 2 | O34: 2 | P34: 2 | Q34: 2 | R34: 5 | S34: 5 | W34: 5 | X34: 5 | Y34: O | Z34: =IF(Y34="O",100,IF(Y34="A+",90,IF(Y34="A",80,IF(Y34="B+",70,IF(Y34="B",60,IF(Y34="C",55,IF(Y34="P",50,IF(Y34="F",39)))))))) -> 100
A35: 26 | B35: =+B34+1 -> 5191421026 | C35: 1 | D35: 1 | E35: 2 | F35: 2 | H35: 5 | I35: 5 | J35: 4 | K35: 1 | Y35: A | Z35: =IF(Y35="O",100,IF(Y35="A+",90,IF(Y35="A",80,IF(Y35="B+",70,IF(Y35="B",60,IF(Y35="C",55,IF(Y35="P",50,IF(Y35="F",39)))))))) -> 80
A36: 27 | B36: =+B35+1 -> 5191421027 | N36: 2 | O36: 2 | P36: 2 | Q36: 2 | R36: 1 | S36: 5 | T36: 5 | W36: 5 | X36: 5 | Y36: O | Z36: =IF(Y36="O",100,IF(Y36="A+",90,IF(Y36="A",80,IF(Y36="B+",70,IF(Y36="B",60,IF(Y36="C",55,IF(Y36="P",50,IF(Y36="F",39)))))))) -> 100
A37: 28 | B37: =+B36+1 -> 5191421028 | C37: 1 | E37: 2 | F37: 2 | G37: 2 | H37: 5 | I37: 5 | J37: 4 | K37: 5 | L37: 2 | N37: 2 | O37: 2 | P37: 2 | Q37: 2 | S37: 5 | T37: 5 | W37: 5 | X37: 5 | Y37: A+ | Z37: =IF(Y37="O",100,IF(Y37="A+",90,IF(Y37="A",80,IF(Y37="B+",70,IF(Y37="B",60,IF(Y37="C",55,IF(Y37="P",50,IF(Y37="F",39)))))))) -> 90
A38: 29 | B38: =+B37+1 -> 5191421029 | E38: 2 | H38: 2 | J38: 3 | K38: 1 | O38: 1 | S38: 1 | W38: 5 | X38: 5 | Y38: B | Z38: =IF(Y38="O",100,IF(Y38="A+",90,IF(Y38="A",80,IF(Y38="B+",70,IF(Y38="B",60,IF(Y38="C",55,IF(Y38="P",50,IF(Y38="F",39)))))))) -> 60
A39: 30 | B39: =+B38+1 -> 5191421030 | C39: 1 | E39: 1 | H39: 1 | O39: 1 | X39: 2 | Y39: F | Z39: =IF(Y39="O",100,IF(Y39="A+",90,IF(Y39="A",80,IF(Y39="B+",70,IF(Y39="B",60,IF(Y39="C",55,IF(Y39="P",50,IF(Y39="F",39)))))))) -> 39
A40: 31 | B40: =+B39+1 -> 5191421031 | C40: 1 | D40: 1 | E40: 2 | F40: 1 | G40: 2 | H40: 3 | J40: 5 | K40: 1 | L40: 5 | M40: 4 | N40: 2 | O40: 2 | P40: 2 | Q40: 2 | S40: 5 | T40: 5 | W40: 5 | X40: 5 | Y40: A | Z40: =IF(Y40="O",100,IF(Y40="A+",90,IF(Y40="A",80,IF(Y40="B+",70,IF(Y40="B",60,IF(Y40="C",55,IF(Y40="P",50,IF(Y40="F",39)))))))) -> 80
A41: 32 | B41: =+B40+1 -> 5191421032 | C41: 1 | D41: 2 | E41: 1 | G41: 1 | H41: 5 | M41: 1 | N41: 2 | Q41: 1 | S41: 5 | T41: 4 | W41: 4 | X41: 4 | Y41: F | Z41: =IF(Y41="O",100,IF(Y41="A+",90,IF(Y41="A",80,IF(Y41="B+",70,IF(Y41="B",60,IF(Y41="C",55,IF(Y41="P",50,IF(Y41="F",39)))))))) -> 39
A42: 33 | B42: =+B41+1 -> 5191421033 | C42: 2 | D42: 2 | E42: 2 | F42: 2 | G42: 2 | H42: 5 | I42: 5 | J42: 5 | K42: 4 | L42: 5 | M42: 5 | N42: 2 | O42: 2 | P42: 1 | S42: 5 | T42: 5 | W42: 5 | X42: 5 | Y42: O | Z42: =IF(Y42="O",100,IF(Y42="A+",90,IF(Y42="A",80,IF(Y42="B+",70,IF(Y42="B",60,IF(Y42="C",55,IF(Y42="P",50,IF(Y42="F",39)))))))) -> 100
A43: 34 | B43: =+B42+1 -> 5191421034 | C43: 2 | D43: 2 | E43: 2 | F43: 2 | G43: 2 | H43: 5 | I43: 5 | J43: 5 | K43: 5 | L43: 5 | M43: 5 | N43: 2 | O43: 2 | P43: 2 | Q43: 2 | S43: 5 | T43: 5 | W43: 5 | X43: 5 | Y43: O | Z43: =IF(Y43="O",100,IF(Y43="A+",90,IF(Y43="A",80,IF(Y43="B+",70,IF(Y43="B",60,IF(Y43="C",55,IF(Y43="P",50,IF(Y43="F",39)))))))) -> 100
A44: 35 | B44: =+B43+1 -> 5191421035 | E44: 1 | H44: 1 | J44: 1 | N44: 2 | O44: 2 | W44: 5 | X44: 3 | Y44: C | Z44: =IF(Y44="O",100,IF(Y44="A+",90,IF(Y44="A",80,IF(Y44="B+",70,IF(Y44="B",60,IF(Y44="C",55,IF(Y44="P",50,IF(Y44="F",39)))))))) -> 55
A45: 36 | B45: =+B44+1 -> 5191421036 | C45: 1 | D45: 2 | E45: 2 | G45: 1 | H45: 3 | I45: 5 | J45: 4 | K45: 2 | L45: 5 | M45: 5 | N45: 2 | O45: 2 | P45: 2 | Q45: 1 | T45: 5 | W45: 5 | X45: 4 | Y45: A+ | Z45: =IF(Y45="O",100,IF(Y45="A+",90,IF(Y45="A",80,IF(Y45="B+",70,IF(Y45="B",60,IF(Y45="C",55,IF(Y45="P",50,IF(Y45="F",39)))))))) -> 90
A46: 37 | B46: =+B45+1 -> 5191421037 | D46: 1 | M46: 5 | N46: 2 | O46: 2 | P46: 1 | Q46: 2 | R46: 2 | T46: 5 | U46: 4 | V46: 5 | Y46: P | Z46: =IF(Y46="O",100,IF(Y46="A+",90,IF(Y46="A",80,IF(Y46="B+",70,IF(Y46="B",60,IF(Y46="C",55,IF(Y46="P",50,IF(Y46="F",39)))))))) -> 50
A47: 38 | B47: =+B46+1 -> 5191421038 | H47: 5 | I47: 5 | L47: 5 | N47: 2 | O47: 1 | P47: 2 | Q47: 2 | T47: 4 | U47: 2 | V47: 5 | Y47: B+ | Z47: =IF(Y47="O",100,IF(Y47="A+",90,IF(Y47="A",80,IF(Y47="B+",70,IF(Y47="B",60,IF(Y47="C",55,IF(Y47="P",50,IF(Y47="F",39)))))))) -> 70
A48: 39 | B48: =+B47+1 -> 5191421039 | C48: 1 | D48: 2 | E48: 2 | F48: 2 | H48: 5 | I48: 5 | J48: 5 | K48: 2 | L48: 5 | M48: 5 | N48: 2 | O48: 2 | P48: 2 | S48: 5 | T48: 5 | W48: 5 | X48: 1 | Y48: A | Z48: =IF(Y48="O",100,IF(Y48="A+",90,IF(Y48="A",80,IF(Y48="B+",70,IF(Y48="B",60,IF(Y48="C",55,IF(Y48="P",50,IF(Y48="F",39)))))))) -> 80
A49: 40 | B49: =+B48+1 -> 5191421040 | C49: 2 | D49: 1 | E49: 2 | F49: 2 | H49: 5 | I49: 2 | J49: 5 | K49: 1 | L49: 5 | M49: 4 | O49: 1 | P49: 2 | Q49: 2 | R49: 2 | T49: 5 | W49: 5 | X49: 5 | Y49: B+ | Z49: =IF(Y49="O",100,IF(Y49="A+",90,IF(Y49="A",80,IF(Y49="B+",70,IF(Y49="B",60,IF(Y49="C",55,IF(Y49="P",50,IF(Y49="F",39)))))))) -> 70
A50: 41 | B50: =+B49+1 -> 5191421041 | C50: 2 | D50: 1 | E50: 2 | F50: 2 | H50: 5 | I50: 5 | J50: 5 | K50: 5 | N50: 2 | O50: 2 | Q50: 1 | R50: 1 | U50: 3 | V50: 5 | W50: 5 | X50: 4 | Y50: A+ | Z50: =IF(Y50="O",100,IF(Y50="A+",90,IF(Y50="A",80,IF(Y50="B+",70,IF(Y50="B",60,IF(Y50="C",55,IF(Y50="P",50,IF(Y50="F",39)))))))) -> 90
A51: 42 | B51: =+B50+1 -> 5191421042 | C51: 0 | D51: 0 | E51: 0 | F51: 0 | G51: 0 | H51: 0 | I51: 0 | J51: 0 | K51: 0 | L51: 0 | M51: 0 | O51: 2 | R51: 1 | T51: 4 | X51: 4 | Y51: F | Z51: =IF(Y51="O",100,IF(Y51="A+",90,IF(Y51="A",80,IF(Y51="B+",70,IF(Y51="B",60,IF(Y51="C",55,IF(Y51="P",50,IF(Y51="F",39)))))))) -> 39
A52: 43 | B52: =+B51+1 -> 5191421043 | C52: 1 | E52: 2 | F52: 2 | H52: 5 | I52: 3 | L52: 5 | M52: 5 | N52: 2 | O52: 2 | P52: 2 | Q52: 2 | R52: 2 | S52: 5 | T52: 3 | U52: 5 | V52: 5 | Y52: A+ | Z52: =IF(Y52="O",100,IF(Y52="A+",90,IF(Y52="A",80,IF(Y52="B+",70,IF(Y52="B",60,IF(Y52="C",55,IF(Y52="P",50,IF(Y52="F",39)))))))) -> 90
A53: 44 | B53: =+B52+1 -> 5191421044 | C53: 2 | D53: 2 | E53: 2 | F53: 2 | G53: 2 | J53: 5 | K53: 5 | L53: 5 | M53: 4 | N53: 2 | O53: 2 | P53: 2 | Q53: 2 | R53: 2 | S53: 5 | T53: 5 | U53: 5 | V53: 5 | Y53: O | Z53: =IF(Y53="O",100,IF(Y53="A+",90,IF(Y53="A",80,IF(Y53="B+",70,IF(Y53="B",60,IF(Y53="C",55,IF(Y53="P",50,IF(Y53="F",39)))))))) -> 100
A54: 45 | B54: =+B53+1 -> 5191421045 | C54: 1 | D54: 2 | N54: 2 | P54: 2 | R54: 1 | S54: 2 | T54: 5 | W54: 4 | X54: 5 | Y54: F | Z54: =IF(Y54="O",100,IF(Y54="A+",90,IF(Y54="A",80,IF(Y54="B+",70,IF(Y54="B",60,IF(Y54="C",55,IF(Y54="P",50,IF(Y54="F",39)))))))) -> 39
A55: 46 | B55: =+B54+1 -> 5191421046 | C55: 1 | D55: 1 | H55: 4 | L55: 5 | M55: 2 | N55: 2 | O55: 2 | R55: 1 | S55: 5 | T55: 3 | W55: 5 | X55: 5 | Y55: A | Z55: =IF(Y55="O",100,IF(Y55="A+",90,IF(Y55="A",80,IF(Y55="B+",70,IF(Y55="B",60,IF(Y55="C",55,IF(Y55="P",50,IF(Y55="F",39)))))))) -> 80
A56: 47 | B56: =+B55+1 -> 5191421047 | N56: 2 | O56: 2 | Q56: 1 | T56: 5 | V56: 5 | Y56: F | Z56: =IF(Y56="O",100,IF(Y56="A+",90,IF(Y56="A",80,IF(Y56="B+",70,IF(Y56="B",60,IF(Y56="C",55,IF(Y56="P",50,IF(Y56="F",39)))))))) -> 39
A57: 48 | B57: =+B56+1 -> 5191421048 | C57: 1 | E57: 2 | F57: 1 | H57: 2 | N57: 2 | O57: 2 | P57: 2 | R57: 1 | S57: 1 | T57: 5 | W57: 5 | X57: 1 | Y57: B+ | Z57: =IF(Y57="O",100,IF(Y57="A+",90,IF(Y57="A",80,IF(Y57="B+",70,IF(Y57="B",60,IF(Y57="C",55,IF(Y57="P",50,IF(Y57="F",39)))))))) -> 70
A58: 49 | B58: =+B57+1 -> 5191421049 | N58: 2 | R58: 1 | W58: 4 | Y58: C | Z58: =IF(Y58="O",100,IF(Y58="A+",90,IF(Y58="A",80,IF(Y58="B+",70,IF(Y58="B",60,IF(Y58="C",55,IF(Y58="P",50,IF(Y58="F",39)))))))) -> 55
C59: =COUNT(C11:C58) -> 36 | D59: =COUNT(D11:D58) -> 31 | E59: =COUNT(E11:E58) -> 40 | F59: =COUNT(F11:F58) -> 24 | G59: =COUNT(G11:G58) -> 20 | H59: =COUNT(H11:H58) -> 40 | I59: =COUNT(I11:I58) -> 21 | J59: =COUNT(J11:J58) -> 30 | ... X59: =COUNT(X11:X58) -> 30
A60: Benchmark %ge | B60: 55 | C60: =C9*($B$60/100) -> 1.1 | D60: =D9*($B$60/100) -> 1.1 | E60: =E9*($B$60/100) -> 1.1 | F60: =F9*($B$60/100) -> 1.1 | G60: =G9*($B$60/100) -> 1.1 | H60: =H9*($B$60/100) -> 2.75 | I60: =I9*($B$60/100) -> 2.75 | J60: =J9*($B$60/100) -> 2.75 | ... X60: =X9*($B$60/100) -> 2.75 | Z60: =COUNTIF(Z10:Z58,">="&B60) -> 38
A61: number of students scoring more than 50% of marks | C61: =COUNTIF(C11:C58,">=1") -> 35 | D61: =COUNTIF(D11:D58,">=1") -> 30 | E61: =COUNTIF(E11:E58,">=1") -> 39 | F61: =COUNTIF(F11:F58,">=1") -> 23 | G61: =COUNTIF(G11:G58,">=1") -> 19 | H61: =COUNTIF(H11:H58,">=1") -> 39 | I61: =COUNTIF(I11:I58,">=1") -> 20 | J61: =COUNTIF(J11:J58,">=1") -> 29 | ... X61: =COUNTIF(X11:X58,">=1") -> 30 | Z61: =(Z60/A58)*100 -> 77.55102
A62: %ge of students scoring more than the specified mark | C62: =C61/C59 -> 0.97222222 | D62: =D61/D59 -> 0.96774194 | E62: =E61/E59 -> 0.975 | F62: =F61/F59 -> 0.95833333 | G62: =G61/G59 -> 0.95 | H62: =H61/H59 -> 0.975 | I62: =I61/I59 -> 0.95238095 | J62: =J61/J59 -> 0.96666667 | ... X62: =X61/X59 -> 1
C63: CO1 | D63: CO1 | E63: CO2 | F63: CO1 | G63: CO1 | H63: CO1 | I63: CO1 | J63: CO2 | K63: CO2 | L63: CO2 | M63: CO2 | N63: CO3 | O63: CO4 | P63: CO5 | Q63: CO3 | R63: CO3 | S63: CO4 | T63: CO4 | U63: CO5 | V63: CO5 | W63: CO5 | X63: CO5
C65: Internal | E65: University | G65: CO Attainment
B66: CO1 | C66: =AVERAGE(C62,D62,I62,F62:H62)*100 -> 96.261307 | D66: =IF(C66>=70,3,IF(AND(C66>=60,C66<70),2,IF(AND(C66>=50,C66<60),1))) -> 3 | E66: =IF(Z61>=70,3,IF(AND(Z61>=60,Z61<70),2,IF(AND(Z61>=50,Z61<60),1))) -> 3 | G66: =(70/100)*E66+(30/100)*D66 -> 3
B67: CO2 | C67: =AVERAGE(E62,J62,K62,L62,M62)*100 -> 96.290909 | D67: =IF(C67>=70,3,IF(AND(C67>=60,C67<70),2,IF(AND(C67>=50,C67<60),1))) -> 3 | E67: =IF(Z61>=70,3,IF(AND(Z61>=60,Z61<70),2,IF(AND(Z61>=50,Z61<60),1))) -> 3 | G67: =(70/100)*E67+(30/100)*D67 -> 3
B68: CO3 | C68: =AVERAGE(N62,R62,Q62)*100 -> 100 | D68: =IF(C68>=70,3,IF(AND(C68>=60,C68<70),2,IF(AND(C68>=50,C68<60),1))) -> 3 | E68: =IF(Z61>=70,3,IF(AND(Z61>=60,Z61<70),2,IF(AND(Z61>=50,Z61<60),1))) -> 3 | G68: =(70/100)*E68+(30/100)*D68 -> 3
B69: CO4 | C69: =AVERAGE(O62,S62,T62)*100 -> 100 | D69: =IF(C69>=70,3,IF(AND(C69>=60,C69<70),2,IF(AND(C69>=50,C69<60),1))) -> 3 | E69: =IF(Z61>=70,3,IF(AND(Z61>=60,Z61<70),2,IF(AND(Z61>=50,Z61<60),1))) -> 3 | G69: =(70/100)*E69+(30/100)*D69 -> 3
B70: CO5 | C70: =AVERAGE(P62,U62:X62)*100 -> 100 | D70: =IF(C70>=70,3,IF(AND(C70>=60,C70<70),2,IF(AND(C70>=50,C70<60),1))) -> 3 | E70: =IF(Z61>=70,3,IF(AND(Z61>=60,Z61<70),2,IF(AND(Z61>=50,Z61<60),1))) -> 3 | G70: =(70/100)*E70+(30/100)*D70 -> 3
B71: CO Average attainment for the subject | G71: =AVERAGE(G66:G70) -> 3
B74: CO - PO & PSO MAPPING :
B76: SUBJECT-M-II | C76: PO1 | D76: P02 | E76: PO3 | F76: PO4 | G76: PO5 | H76: P06 | I76: PO7 | J76: PO8 | K76: PO9 | L76: PO10 | M76: PO11 | N76: PO12 | O76: PSO1 | P76: PSO2 | Q76: PSO3
B77: CO1 | C77: 3 | D77: 3 | N77: 3 | O77: 1 | P77: 1
B78: CO2 | C78: 3 | D78: 3 | N78: 3 | O78: 1 | P78: 1
B79: CO3 | C79: 3 | D79: 3 | N79: 3 | O79: 1 | P79: 1
B80: CO4 | C80: 3 | D80: 3 | N80: 3 | O80: 1 | P80: 1
B81: CO5 | C81: 3 | D81: 3 | N81: 3 | O81: 1 | P81: 1
B82: avg | C82: =AVERAGE(C77:C81) -> 3 | D82: =AVERAGE(D77:D81) -> 3 | N82: =AVERAGE(N77:N81) -> 3 | O82: =AVERAGE(O77:O81) -> 1 | P82: =AVERAGE(P77:P81) -> 1
B83: total avg | C83: =AVERAGE(C82:N82) -> 3 | O83: =AVERAGE(O82:Q82) -> 1
B85: CO-PO & PSO ATTAINMENT:
B87: CO - PO | C87: PO 1 | D87: PO 2 | E87: PO 3 | F87: PO 4 | G87: PO 5 | H87: PO 6 | I87: PO 7 | J87: PO 8 | K87: PO 9 | L87: PO 10 | M87: PO 11 | N87: PO 12 | O87: PSO 1 | P87: PSO 2 | Q87: PSO 3
B88: CO 1 | C88: =($G66*C77)/3 -> 3 | D88: =($G66*D77)/3 -> 3 | N88: =($G66*N77)/3 -> 3 | O88: =$G66*O77/3 -> 1 | P88: =$G66*P77/3 -> 1
B89: CO 2 | C89: =($G67*C78)/3 -> 3 | D89: =($G67*D78)/3 -> 3 | N89: =($G67*N78)/3 -> 3 | O89: =$G67*O78/3 -> 1 | P89: =$G67*P78/3 -> 1
B90: CO 3 | C90: =($G68*C79)/3 -> 3 | D90: =($G68*D79)/3 -> 3 | N90: =($G68*N79)/3 -> 3 | O90: =$G68*O79/3 -> 1 | P90: =$G68*P79/3 -> 1
B91: CO 4 | C91: =($G69*C80)/3 -> 3 | D91: =($G69*D80)/3 -> 3 | N91: =($G69*N80)/3 -> 3 | O91: =$G69*O80/3 -> 1 | P91: =$G69*P80/3 -> 1
B92: CO 5 | C92: =($G70*C81)/3 -> 3 | D92: =($G70*D81)/3 -> 3 | N92: =($G70*N81)/3 -> 3 | O92: =$G70*O81/3 -> 1 | P92: =$G70*P81/3 -> 1
B93: Average | C93: =AVERAGE(C88:C92) -> 3 | D93: =AVERAGE(D88:D92) -> 3 | N93: =AVERAGE(N88:N92) -> 3 | O93: =AVERAGE(O88:O92) -> 1 | P93: =AVERAGE(P88:P92) -> 1
B94: Overall Average | C94: =AVERAGE(C93:N93) -> 3 | O94: =AVERAGE(O93:Q93) -> 1

Sheet M-II
A2: Subject: | C2: Mathematics - II | J2: AY: | L2: 2019-120
A3: Faculty: | C3: Dr. S. RAJESH | J3: Batch: | L3: 2019-2023
A4: Year and Semester: | C4: I Yr I Semester | J4: Branch: | L4: ECE
C5: I Mid | N5: II MID
B6: Register Number | C6: Question No.1 | H6: Question No 2 | J6: Question No 3 | L6: Question No 4 | N6: Question No.1 | S6: Question No 2 | U6: Question No 3 | W6: Question No 4 | Z6: University Grade | AA6: Marks Obtained
C7: a | D7: b | E7: c | F7: d | G7: e | H7: a | I7: b | J7: a | K7: b | L7: a | N7: a | O7: b | P7: c | Q7: d | R7: e | S7: a | T7: b | U7: a | V7: b | W7: a | X7: b
B8: Matching CO | C8: CO1 | D8: CO1 | E8: CO2 | F8: CO1 | G8: CO1 | H8: CO1 | I8: CO1 | J8: CO2 | K8: CO2 | L8: CO2 | N8: CO3 | O8: CO4 | P8: CO5 | Q8: CO3 | R8: CO3 | S8: CO4 | T8: CO4 | U8: CO5 | V8: CO5 | W8: CO5 | X8: CO5
A9: Sl.No. | B9: Maximum Marks | C9: 2 | D9: 2 | E9: 2 | F9: 2 | G9: 2 | H9: 5 | I9: 5 | J9: 5 | K9: 5 | L9: 10 | N9: 2 | O9: 2 | P9: 2 | Q9: 2 | R9: 2 | S9: 5 | T9: 5 | U9: 5 | V9: 5 | W9: 5 | X9: 5 | Z9: 100
A10: 1 | B10: 5191421001 | C10: 2 | D10: 2 | E10: 2 | F10: 2 | G10: 2 | H10: 5 | I10: 5 | L10: 10 | N10: 2 | O10: 0 | P10: 0 | Q10: 2 | R10: 1 | S10: 5 | T10: 5 | U10: 2 | Z10: B | AA10: =IF(Z10="O",100,IF(Z10="A+",90,IF(Z10="A",80,IF(Z10="B+",70,IF(Z10="B",60,IF(Z10="C",55,IF(Z10="P",50,IF(Z10="F",39)))))))) -> 60
A11: 2 | B11: =+B10+1 -> 5191421002 | C11: 2 | D11: 2 | E11: 2 | G11: 1 | H11: 5 | I11: 5 | J11: 5 | K11: 3 | N11: 2 | O11: 2 | P11: 2 | Q11: 2 | R11: 2 | S11: 4 | T11: 5 | U11: 4 | W11: 4 | X11: 2 | Z11: C | AA11: =IF(Z11="O",100,IF(Z11="A+",90,IF(Z11="A",80,IF(Z11="B+",70,IF(Z11="B",60,IF(Z11="C",55,IF(Z11="P",50,IF(Z11="F",39)))))))) -> 55
A12: 3 | B12: =+B11+1 -> 5191421003 | C12: 2 | D12: 2 | E12: 2 | F12: 2 | G12: 2 | H12: 5 | I12: 5 | L12: 10 | N12: 2 | O12: 2 | P12: 2 | Q12: 2 | R12: 2 | S12: 5 | T12: 5 | U12: 5 | V12: 5 | Z12: O | AA12: =IF(Z12="O",100,IF(Z12="A+",90,IF(Z12="A",80,IF(Z12="B+",70,IF(Z12="B",60,IF(Z12="C",55,IF(Z12="P",50,IF(Z12="F",39)))))))) -> 100
A13: 4 | B13: =+B12+1 -> 5191421004 | C13: 1 | D13: 2 | E13: 2 | F13: 2 | G13: 2 | H13: 5 | I13: 3 | J13: 2 | K13: 2 | N13: 2 | O13: 1 | P13: 0 | Q13: 0 | R13: 0 | S13: 2 | T13: 2 | U13: 3 | V13: 2 | Z13: C | AA13: =IF(Z13="O",100,IF(Z13="A+",90,IF(Z13="A",80,IF(Z13="B+",70,IF(Z13="B",60,IF(Z13="C",55,IF(Z13="P",50,IF(Z13="F",39)))))))) -> 55
A14: 5 | B14: =+B13+1 -> 5191421005 | C14: 2 | D14: 2 | E14: 2 | F14: 2 | G14: 2 | H14: 5 | I14: 5 | J14: 4 | K14: 4 | N14: 2 | O14: 2 | P14: 0 | Q14: 0 | R14: 0 | S14: 5 | T14: 3 | U14: 0 | Z14: C | AA14: =IF(Z14="O",100,IF(Z14="A+",90,IF(Z14="A",80,IF(Z14="B+",70,IF(Z14="B",60,IF(Z14="C",55,IF(Z14="P",50,IF(Z14="F",39)))))))) -> 55
A15: 6 | B15: =+B14+1 -> 5191421006 | C15: 2 | D15: 2 | E15: 2 | F15: 2 | G15: 2 | H15: 5 | I15: 5 | J15: 5 | K15: 5 | N15: 2 | O15: 2 | P15: 1 | Q15: 2 | R15: 2 | S15: 5 | T15: 0 | U15: 5 | V15: 5 | W15: 5 | X15: 2 | Z15: A | AA15: =IF(Z15="O",100,IF(Z15="A+",90,IF(Z15="A",80,IF(Z15="B+",70,IF(Z15="B",60,IF(Z15="C",55,IF(Z15="P",50,IF(Z15="F",39)))))))) -> 80
A16: 7 | B16: =+B15+1 -> 5191421007 | C16: 2 | D16: 2 | E16: 2 | F16: 2 | G16: 2 | J16: 5 | K16: 5 | L16: 10 | N16: 2 | O16: 2 | P16: 0 | Q16: 2 | R16: 0 | S16: 5 | T16: 2 | U16: 0 | V16: 0 | W16: 5 | X16: 5 | Z16: A+ | AA16: =IF(Z16="O",100,IF(Z16="A+",90,IF(Z16="A",80,IF(Z16="B+",70,IF(Z16="B",60,IF(Z16="C",55,IF(Z16="P",50,IF(Z16="F",39)))))))) -> 90
A17: 8 | B17: =+B16+1 -> 5191421008 | C17: 2 | D17: 2 | E17: 2 | F17: 2 | G17: 0 | H17: 5 | I17: 4 | J17: 5 | K17: 5 | N17: 2 | O17: 1 | P17: 0 | Q17: 2 | R17: 1 | S17: 2 | T17: 1 | U17: 5 | V17: 4 | W17: 0 | Z17: F | AA17: =IF(Z17="O",100,IF(Z17="A+",90,IF(Z17="A",80,IF(Z17="B+",70,IF(Z17="B",60,IF(Z17="C",55,IF(Z17="P",50,IF(Z17="F",39)))))))) -> 39
A18: 9 | B18: =+B17+1 -> 5191421009 | C18: 2 | D18: 2 | E18: 2 | F18: 2 | G18: 0 | H18: 5 | I18: 5 | L18: 8 | N18: 2 | O18: 2 | P18: 0 | Q18: 1 | R18: 2 | S18: 5 | T18: 5 | U18: 2 | W18: 2 | Z18: A | AA18: =IF(Z18="O",100,IF(Z18="A+",90,IF(Z18="A",80,IF(Z18="B+",70,IF(Z18="B",60,IF(Z18="C",55,IF(Z18="P",50,IF(Z18="F",39)))))))) -> 80
A19: 10 | B19: =+B18+1 -> 5191421010 | C19: 2 | D19: 2 | E19: 2 | F19: 2 | G19: 2 | H19: 5 | I19: 3 | J19: 4 | K19: 5 | N19: 2 | O19: 2 | P19: 1 | Q19: 2 | R19: 2 | S19: 5 | T19: 5 | U19: 5 | Z19: B | AA19: =IF(Z19="O",100,IF(Z19="A+",90,IF(Z19="A",80,IF(Z19="B+",70,IF(Z19="B",60,IF(Z19="C",55,IF(Z19="P",50,IF(Z19="F",39)))))))) -> 60
A20: 11 | B20: =+B19+1 -> 5191421011 | C20: 2 | D20: 2 | E20: 2 | F20: 2 | G20: 2 | H20: 5 | I20: 4 | J20: 2 | K20: 3 | N20: 2 | O20: 2 | P20: 2 | Q20: 2 | R20: 2 | S20: 5 | T20: 5 | U20: 3 | V20: 4 | Z20: A | AA20: =IF(Z20="O",100,IF(Z20="A+",90,IF(Z20="A",80,IF(Z20="B+",70,IF(Z20="B",60,IF(Z20="C",55,IF(Z20="P",50,IF(Z20="F",39)))))))) -> 80
A21: 12 | B21: =+B20+1 -> 5191421012 | C21: 0 | D21: 2 | E21: 2 | F21: 1 | H21: 3 | I21: 3 | J21: 5 | K21: 2 | N21: 0 | O21: 2 | P21: 0 | Q21: 0 | R21: 0 | S21: 0 | T21: 0 | U21: 0 | Z21: F | AA21: =IF(Z21="O",100,IF(Z21="A+",90,IF(Z21="A",80,IF(Z21="B+",70,IF(Z21="B",60,IF(Z21="C",55,IF(Z21="P",50,IF(Z21="F",39)))))))) -> 39
A22: 13 | B22: =+B21+1 -> 5191421013 | C22: 2 | D22: 2 | E22: 2 | F22: 2 | G22: 2 | H22: 5 | I22: 5 | L22: 10 | N22: 2 | O22: 2 | P22: 2 | Q22: 2 | R22: 2 | S22: 5 | T22: 5 | U22: 5 | V22: 5 | Z22: A | AA22: =IF(Z22="O",100,IF(Z22="A+",90,IF(Z22="A",80,IF(Z22="B+",70,IF(Z22="B",60,IF(Z22="C",55,IF(Z22="P",50,IF(Z22="F",39)))))))) -> 80
A23: 14 | B23: =+B22+1 -> 5191421014 | C23: 2 | D23: 2 | E23: 2 | F23: 2 | G23: 2 | H23: 5 | I23: 5 | J23: 5 | K23: 5 | N23: 1 | O23: 1 | P23: 1 | Q23: 1 | R23: 1 | S23: 5 | T23: 5 | U23: 5 | V23: 5 | Z23: A | AA23: =IF(Z23="O",100,IF(Z23="A+",90,IF(Z23="A",80,IF(Z23="B+",70,IF(Z23="B",60,IF(Z23="C",55,IF(Z23="P",50,IF(Z23="F",39)))))))) -> 80
A24: 15 | B24: =+B23+1 -> 5191421015 | C24: 2 | D24: 2 | E24: 2 | F24: 2 | G24: 2 | H24: 3 | I24: 2 | J24: 2 | K24: 4 | N24: 2 | O24: 1 | P24: 0 | Q24: 0 | R24: 1 | S24: 1 | T24: 0 | V24: 0 | Z24: F | AA24: =IF(Z24="O",100,IF(Z24="A+",90,IF(Z24="A",80,IF(Z24="B+",70,IF(Z24="B",60,IF(Z24="C",55,IF(Z24="P",50,IF(Z24="F",39)))))))) -> 39
A25: 16 | B25: =+B24+1 -> 5191421016 | C25: 2 | D25: 2 | E25: 0 | F25: 0 | G25: 0 | H25: 5 | I25: 3 | J25: 5 | N25: 2 | O25: 1 | P25: 0 | Q25: 2 | R25: 2 | S25: 0 | T25: 4 | V25: 1 | Z25: C | AA25: =IF(Z25="O",100,IF(Z25="A+",90,IF(Z25="A",80,IF(Z25="B+",70,IF(Z25="B",60,IF(Z25="C",55,IF(Z25="P",50,IF(Z25="F",39)))))))) -> 55
A26: 17 | B26: =+B25+1 -> 5191421017 | C26: 1 | D26: 2 | E26: 2 | H26: 5 | I26: 5 | J26: 5 | K26: 3 | N26: 2 | O26: 0 | P26: 0 | Q26: 0 | R26: 0 | S26: 2 | T26: 0 | V26: 0 | Z26: C | AA26: =IF(Z26="O",100,IF(Z26="A+",90,IF(Z26="A",80,IF(Z26="B+",70,IF(Z26="B",60,IF(Z26="C",55,IF(Z26="P",50,IF(Z26="F",39)))))))) -> 55
A27: 18 | B27: =+B26+1 -> 5191421018 | C27: 2 | D27: 2 | E27: 2 | H27: 5 | I27: 3 | J27: 2 | N27: 2 | O27: 0 | P27: 0 | Q27: 2 | R27: 0 | S27: 0 | T27: 0 | U27: 5 | V27: 0 | Z27: F | AA27: =IF(Z27="O",100,IF(Z27="A+",90,IF(Z27="A",80,IF(Z27="B+",70,IF(Z27="B",60,IF(Z27="C",55,IF(Z27="P",50,IF(Z27="F",39)))))))) -> 39
A28: 19 | B28: =+B27+1 -> 5191421019 | C28: 2 | D28: 2 | E28: 2 | F28: 2 | G28: 2 | J28: 5 | K28: 5 | L28: 10 | N28: 2 | O28: 2 | P28: 2 | Q28: 2 | R28: 2 | S28: 5 | T28: 5 | U28: 5 | V28: 5 | Z28: A+ | AA28: =IF(Z28="O",100,IF(Z28="A+",90,IF(Z28="A",80,IF(Z28="B+",70,IF(Z28="B",60,IF(Z28="C",55,IF(Z28="P",50,IF(Z28="F",39)))))))) -> 90
A29: 20 | B29: =+B28+1 -> 5191421020 | C29: 2 | D29: 2 | E29: 2 | F29: 2 | G29: 2 | J29: 5 | K29: 5 | L29: 10 | N29: 2 | O29: 2 | P29: 2 | Q29: 2 | R29: 2 | S29: 5 | T29: 5 | U29: 5 | V29: 5 | Z29: A | AA29: =IF(Z29="O",100,IF(Z29="A+",90,IF(Z29="A",80,IF(Z29="B+",70,IF(Z29="B",60,IF(Z29="C",55,IF(Z29="P",50,IF(Z29="F",39)))))))) -> 80
A30: 21 | B30: =+B29+1 -> 5191421021 | C30: 2 | D30: 1 | E30: 0 | F30: 2 | G30: 2 | H30: 5 | I30: 5 | L30: 10 | N30: 2 | O30: 1 | P30: 1 | Q30: 2 | R30: 2 | S30: 4 | T30: 0 | U30: 1 | V30: 0 | W30: 5 | Z30: B | AA30: =IF(Z30="O",100,IF(Z30="A+",90,IF(Z30="A",80,IF(Z30="B+",70,IF(Z30="B",60,IF(Z30="C",55,IF(Z30="P",50,IF(Z30="F",39)))))))) -> 60
A31: 22 | B31: =+B30+1 -> 5191421022 | C31: 2 | D31: 2 | E31: 2 | F31: 2 | H31: 5 | I31: 5 | J31: 3 | N31: 2 | O31: 1 | P31: 0 | Q31: 2 | R31: 2 | S31: 4 | T31: 0 | U31: 0 | V31: 4 | Z31: C | AA31: =IF(Z31="O",100,IF(Z31="A+",90,IF(Z31="A",80,IF(Z31="B+",70,IF(Z31="B",60,IF(Z31="C",55,IF(Z31="P",50,IF(Z31="F",39)))))))) -> 55
A32: 23 | B32: =+B31+1 -> 5191421023 | C32: 2 | D32: 2 | E32: 2 | F32: 2 | G32: 0 | H32: 5 | I32: 5 | J32: 5 | N32: 2 | O32: 2 | P32: 0 | Q32: 2 | R32: 1 | S32: 5 | T32: 5 | U32: 5 | V32: 0 | Z32: C | AA32: =IF(Z32="O",100,IF(Z32="A+",90,IF(Z32="A",80,IF(Z32="B+",70,IF(Z32="B",60,IF(Z32="C",55,IF(Z32="P",50,IF(Z32="F",39)))))))) -> 55
A33: 24 | B33: =+B32+1 -> 5191421024 | C33: 2 | D33: 2 | E33: 2 | F33: 2 | G33: 2 | H33: 5 | I33: 5 | L33: 10 | N33: 2 | O33: 2 | P33: 0 | Q33: 0 | R33: 0 | S33: 4 | T33: 2 | U33: 5 | V33: 3 | Z33: B | AA33: =IF(Z33="O",100,IF(Z33="A+",90,IF(Z33="A",80,IF(Z33="B+",70,IF(Z33="B",60,IF(Z33="C",55,IF(Z33="P",50,IF(Z33="F",39)))))))) -> 60
A34: 25 | B34: =+B33+1 -> 5191421025 | C34: 1 | D34: 2 | E34: 2 | F34: 2 | G34: 2 | J34: 5 | K34: 5 | L34: 10 | N34: 2 | O34: 2 | P34: 2 | Q34: 2 | R34: 2 | S34: 5 | T34: 5 | U34: 5 | V34: 5 | W34: 5 | X34: 5 | Z34: A+ | AA34: =IF(Z34="O",100,IF(Z34="A+",90,IF(Z34="A",80,IF(Z34="B+",70,IF(Z34="B",60,IF(Z34="C",55,IF(Z34="P",50,IF(Z34="F",39)))))))) -> 90
A35: 26 | B35: =+B34+1 -> 5191421026 | C35: 2 | D35: 2 | E35: 2 | F35: 2 | G35: 2 | J35: 5 | K35: 5 | L35: 10 | N35: 2 | O35: 2 | P35: 2 | Q35: 2 | R35: 2 | S35: 5 | T35: 5 | U35: 3 | V35: 3 | Z35: B+ | AA35: =IF(Z35="O",100,IF(Z35="A+",90,IF(Z35="A",80,IF(Z35="B+",70,IF(Z35="B",60,IF(Z35="C",55,IF(Z35="P",50,IF(Z35="F",39)))))))) -> 70
A36: 27 | B36: =+B35+1 -> 5191421027 | N36: 2 | O36: 2 | P36: 2 | Q36: 2 | R36: 2 | S36: 5 | T36: 5 | U36: 3 | V36: 3 | Z36: A | AA36: =IF(Z36="O",100,IF(Z36="A+",90,IF(Z36="A",80,IF(Z36="B+",70,IF(Z36="B",60,IF(Z36="C",55,IF(Z36="P",50,IF(Z36="F",39)))))))) -> 80
A37: 28 | B37: =+B36+1 -> 5191421028 | C37: 2 | D37: 2 | E37: 2 | F37: 2 | G37: 0 | H37: 5 | I37: 5 | L37: 8 | N37: 2 | O37: 2 | P37: 2 | Q37: 2 | R37: 2 | S37: 5 | T37: 5 | U37: 5 | V37: 4 | Z37: A+ | AA37: =IF(Z37="O",100,IF(Z37="A+",90,IF(Z37="A",80,IF(Z37="B+",70,IF(Z37="B",60,IF(Z37="C",55,IF(Z37="P",50,IF(Z37="F",39)))))))) -> 90
A38: 29 | B38: =+B37+1 -> 5191421029 | C38: 1 | D38: 2 | E38: 2 | F38: 1 | G38: 2 | H38: 3 | I38: 3 | J38: 2 | K38: 3 | N38: 2 | O38: 1 | P38: 0 | Q38: 2 | R38: 1 | S38: 5 | T38: 2 | U38: 3 | V38: 3 | Z38: C | AA38: =IF(Z38="O",100,IF(Z38="A+",90,IF(Z38="A",80,IF(Z38="B+",70,IF(Z38="B",60,IF(Z38="C",55,IF(Z38="P",50,IF(Z38="F",39)))))))) -> 55
A39: 30 | B39: =+B38+1 -> 5191421030 | C39: 2 | D39: 2 | H39: 5 | I39: 5 | J39: 3 | N39: 2 | O39: 1 | P39: 0 | Q39: 0 | R39: 2 | S39: 0 | T39: 2 | Z39: F | AA39: =IF(Z39="O",100,IF(Z39="A+",90,IF(Z39="A",80,IF(Z39="B+",70,IF(Z39="B",60,IF(Z39="C",55,IF(Z39="P",50,IF(Z39="F",39)))))))) -> 39
A40: 31 | B40: =+B39+1 -> 5191421031 | C40: 2 | D40: 2 | E40: 2 | F40: 2 | G40: 2 | H40: 4 | I40: 5 | J40: 4 | N40: 2 | O40: 2 | P40: 2 | Q40: 2 | R40: 2 | S40: 3 | T40: 0 | Z40: B+ | AA40: =IF(Z40="O",100,IF(Z40="A+",90,IF(Z40="A",80,IF(Z40="B+",70,IF(Z40="B",60,IF(Z40="C",55,IF(Z40="P",50,IF(Z40="F",39)))))))) -> 70
A41: 32 | B41: =+B40+1 -> 5191421032 | C41: 2 | D41: 0 | E41: 2 | F41: 0 | G41: 0 | H41: 5 | I41: 5 | J41: 3 | N41: 2 | O41: 1 | P41: 0 | Q41: 2 | R41: 0 | S41: 0 | T41: 0 | U41: 4 | V41: 4 | W41: 3 | Z41: F | AA41: =IF(Z41="O",100,IF(Z41="A+",90,IF(Z41="A",80,IF(Z41="B+",70,IF(Z41="B",60,IF(Z41="C",55,IF(Z41="P",50,IF(Z41="F",39)))))))) -> 39
A42: 33 | B42: =+B41+1 -> 5191421033 | C42: 2 | D42: 2 | E42: 2 | F42: 2 | G42: 2 | H42: 5 | I42: 5 | L42: 10 | N42: 2 | O42: 2 | P42: 2 | Q42: 2 | R42: 2 | S42: 5 | T42: 5 | U42: 5 | V42: 5 | W42: 0 | Z42: B+ | AA42: =IF(Z42="O",100,IF(Z42="A+",90,IF(Z42="A",80,IF(Z42="B+",70,IF(Z42="B",60,IF(Z42="C",55,IF(Z42="P",50,IF(Z42="F",39)))))))) -> 70
A43: 34 | B43: =+B42+1 -> 5191421034 | C43: 2 | D43: 2 | E43: 2 | F43: 2 | G43: 2 | J43: 5 | K43: 5 | L43: 10 | N43: 2 | O43: 2 | P43: 2 | Q43: 2 | R43: 2 | S43: 5 | T43: 5 | W43: 4 | X43: 5 | Z43: A+ | AA43: =IF(Z43="O",100,IF(Z43="A+",90,IF(Z43="A",80,IF(Z43="B+",70,IF(Z43="B",60,IF(Z43="C",55,IF(Z43="P",50,IF(Z43="F",39)))))))) -> 90
A44: 35 | B44: =+B43+1 -> 5191421035 | C44: 2 | D44: 2 | E44: 2 | F44: 2 | G44: 2 | H44: 5 | I44: 5 | J44: 5 | N44: 2 | O44: 2 | P44: 0 | Q44: 0 | R44: 0 | S44: 5 | T44: 5 | W44: 0 | Z44: F | AA44: =IF(Z44="O",100,IF(Z44="A+",90,IF(Z44="A",80,IF(Z44="B+",70,IF(Z44="B",60,IF(Z44="C",55,IF(Z44="P",50,IF(Z44="F",39)))))))) -> 39
A45: 36 | B45: =+B44+1 -> 5191421036 | C45: 2 | D45: 2 | E45: 2 | F45: 2 | G45: 2 | H45: 5 | I45: 5 | J45: 5 | K45: 5 | N45: 2 | O45: 1 | P45: 2 | Q45: 2 | R45: 2 | S45: 5 | T45: 5 | U45: 3 | V45: 2 | W45: 0 | Z45: A+ | AA45: =IF(Z45="O",100,IF(Z45="A+",90,IF(Z45="A",80,IF(Z45="B+",70,IF(Z45="B",60,IF(Z45="C",55,IF(Z45="P",50,IF(Z45="F",39)))))))) -> 90
A46: 37 | B46: =+B45+1 -> 5191421037 | C46: 2 | D46: 2 | E46: 2 | F46: 2 | G46: 2 | H46: 5 | I46: 4 | J46: 5 | N46: 0 | O46: 2 | P46: 2 | Q46: 2 | R46: 0 | S46: 5 | W46: 3 | Z46: C | AA46: =IF(Z46="O",100,IF(Z46="A+",90,IF(Z46="A",80,IF(Z46="B+",70,IF(Z46="B",60,IF(Z46="C",55,IF(Z46="P",50,IF(Z46="F",39)))))))) -> 55
A47: 38 | B47: =+B46+1 -> 5191421038 | C47: 2 | D47: 2 | E47: 2 | F47: 2 | G47: 2 | H47: 5 | I47: 5 | J47: 5 | N47: 2 | O47: 2 | P47: 2 | Q47: 2 | R47: 1 | S47: 5 | W47: 2 | Z47: C | AA47: =IF(Z47="O",100,IF(Z47="A+",90,IF(Z47="A",80,IF(Z47="B+",70,IF(Z47="B",60,IF(Z47="C",55,IF(Z47="P",50,IF(Z47="F",39)))))))) -> 55
A48: 39 | B48: =+B47+1 -> 5191421039 | C48: 2 | D48: 2 | E48: 2 | F48: 2 | G48: 2 | H48: 5 | I48: 5 | L48: 10 | N48: 2 | O48: 2 | P48: 2 | Q48: 2 | R48: 2 | S48: 5 | T48: 5 | U48: 5 | V48: 5 | Z48: A | AA48: =IF(Z48="O",100,IF(Z48="A+",90,IF(Z48="A",80,IF(Z48="B+",70,IF(Z48="B",60,IF(Z48="C",55,IF(Z48="P",50,IF(Z48="F",39)))))))) -> 80
A49: 40 | B49: =+B48+1 -> 5191421040 | C49: 1 | D49: 2 | E49: 2 | F49: 2 | G49: 2 | H49: 5 | I49: 5 | J49: 3 | K49: 5 | N49: 2 | O49: 1 | P49: 0 | Q49: 2 | R49: 2 | S49: 4 | T49: 5 | U49: 5 | V49: 3 | Z49: B | AA49: =IF(Z49="O",100,IF(Z49="A+",90,IF(Z49="A",80,IF(Z49="B+",70,IF(Z49="B",60,IF(Z49="C",55,IF(Z49="P",50,IF(Z49="F",39)))))))) -> 60
A50: 41 | B50: =+B49+1 -> 5191421041 | C50: 2 | D50: 2 | E50: 2 | F50: 2 | G50: 0 | H50: 5 | I50: 5 | J50: 5 | K50: 3 | N50: 2 | O50: 2 | P50: 2 | Q50: 2 | R50: 2 | S50: 5 | T50: 5 | U50: 4 | V50: 5 | Z50: A | AA50: =IF(Z50="O",100,IF(Z50="A+",90,IF(Z50="A",80,IF(Z50="B+",70,IF(Z50="B",60,IF(Z50="C",55,IF(Z50="P",50,IF(Z50="F",39)))))))) -> 80
A51: 42 | B51: =+B50+1 -> 5191421042 | C51: 2 | D51: 2 | E51: 2 | F51: 0 | G51: 0 | H51: 5 | I51: 3 | J51: 2 | N51: 0 | O51: 0 | P51: 0 | Q51: 0 | R51: 1 | U51: 5 | Z51: F | AA51: =IF(Z51="O",100,IF(Z51="A+",90,IF(Z51="A",80,IF(Z51="B+",70,IF(Z51="B",60,IF(Z51="C",55,IF(Z51="P",50,IF(Z51="F",39)))))))) -> 39
A52: 43 | B52: =+B51+1 -> 5191421043 | C52: 2 | D52: 2 | E52: 2 | F52: 2 | J52: 5 | K52: 5 | L52: 10 | N52: 2 | O52: 1 | P52: 1 | Q52: 2 | R52: 2 | S52: 5 | T52: 3 | U52: 5 | V52: 5 | Z52: A+ | AA52: =IF(Z52="O",100,IF(Z52="A+",90,IF(Z52="A",80,IF(Z52="B+",70,IF(Z52="B",60,IF(Z52="C",55,IF(Z52="P",50,IF(Z52="F",39)))))))) -> 90
A53: 44 | B53: =+B52+1 -> 5191421044 | C53: 2 | D53: 2 | E53: 2 | F53: 2 | G53: 1 | J53: 5 | K53: 5 | L53: 10 | N53: 2 | O53: 2 | P53: 2 | Q53: 2 | R53: 2 | S53: 5 | T53: 5 | U53: 5 | V53: 5 | Z53: A | AA53: =IF(Z53="O",100,IF(Z53="A+",90,IF(Z53="A",80,IF(Z53="B+",70,IF(Z53="B",60,IF(Z53="C",55,IF(Z53="P",50,IF(Z53="F",39)))))))) -> 80
A54: 45 | B54: =+B53+1 -> 5191421045 | C54: 2 | D54: 2 | E54: 2 | F54: 2 | G54: 2 | H54: 5 | I54: 5 | J54: 5 | K54: 3 | N54: 2 | Q54: 2 | R54: 1 | S54: 3 | U54: 0 | Z54: C | AA54: =IF(Z54="O",100,IF(Z54="A+",90,IF(Z54="A",80,IF(Z54="B+",70,IF(Z54="B",60,IF(Z54="C",55,IF(Z54="P",50,IF(Z54="F",39)))))))) -> 55
A55: 46 | B55: =+B54+1 -> 5191421046 | C55: 2 | D55: 2 | E55: 2 | F55: 2 | G55: 2 | H55: 5 | I55: 5 | J55: 5 | K55: 5 | N55: 2 | O55: 2 | P55: 0 | Q55: 2 | R55: 2 | S55: 5 | U55: 3 | Z55: A | AA55: =IF(Z55="O",100,IF(Z55="A+",90,IF(Z55="A",80,IF(Z55="B+",70,IF(Z55="B",60,IF(Z55="C",55,IF(Z55="P",50,IF(Z55="F",39)))))))) -> 80
A56: 47 | B56: =+B55+1 -> 5191421047 | N56: 1 | O56: 2 | P56: 1 | Q56: 1 | S56: 5 | T56: 1 | Z56: F | AA56: =IF(Z56="O",100,IF(Z56="A+",90,IF(Z56="A",80,IF(Z56="B+",70,IF(Z56="B",60,IF(Z56="C",55,IF(Z56="P",50,IF(Z56="F",39)))))))) -> 39
A57: 48 | B57: =+B56+1 -> 5191421048 | C57: 2 | D57: 2 | E57: 2 | F57: 2 | G57: 2 | H57: 4 | I57: 4 | J57: 5 | K57: 5 | N57: 2 | O57: 2 | P57: 0 | Q57: 2 | R57: 2 | S57: 5 | T57: 5 | U57: 3 | V57: 3 | Z57: A | AA57: =IF(Z57="O",100,IF(Z57="A+",90,IF(Z57="A",80,IF(Z57="B+",70,IF(Z57="B",60,IF(Z57="C",55,IF(Z57="P",50,IF(Z57="F",39)))))))) -> 80
A58: 49 | B58: =+B57+1 -> 5191421049 | N58: 2 | O58: 2 | P58: 0 | Q58: 2 | R58: 2 | S58: 5 | T58: 5 | U58: 3 | V58: 3 | W58: 4 | Z58: C | AA58: =IF(Z58="O",100,IF(Z58="A+",90,IF(Z58="A",80,IF(Z58="B+",70,IF(Z58="B",60,IF(Z58="C",55,IF(Z58="P",50,IF(Z58="F",39)))))))) -> 55
C59: =COUNT(C10:C58) -> 46 | D59: =COUNT(D10:D58) -> 46 | E59: =COUNT(E10:E58) -> 45 | F59: =COUNT(F10:F58) -> 42 | G59: =COUNT(G10:G58) -> 40 | H59: =COUNT(H10:H58) -> 38 | I59: =COUNT(I10:I58) -> 38 | J59: =COUNT(J10:J58) -> 37 | ... L59: =COUNT(L10:L58) -> 17 | N59: =COUNT(N10:N58) -> 49 | O59: =COUNT(O10:O58) -> 48 | P59: =COUNT(P10:P58) -> 48 | Q59: =COUNT(Q10:Q58) -> 49 | R59: =COUNT(R10:R58) -> 48 | S59: =COUNT(S10:S58) -> 48 | T59: =COUNT(T10:T58) -> 44 | U59: =COUNT(U10:U58) -> 39 | ... X59: =COUNT(X10:X58) -> 5
A60: Benchmark %ge | B60: 55 | C60: =ROUNDUP(C9*(B60/100),1) -> 1.1 | D60: =D9*($B$60/100) -> 1.1 | E60: =E9*($B$60/100) -> 1.1 | F60: =F9*($B$60/100) -> 1.1 | G60: =G9*($B$60/100) -> 1.1 | H60: =H9*($B$60/100) -> 2.75 | I60: =I9*($B$60/100) -> 2.75 | J60: =J9*($B$60/100) -> 2.75 | K60: =K9*($B$60/100) -> 2.75 | L60: =L9*($B$60/100) -> 5.5 | N60: =N9*(B60/100) -> 1.1 | O60: =O9*($B$60/100) -> 1.1 | P60: =P9*($B$60/100) -> 1.1 | Q60: =Q9*($B$60/100) -> 1.1 | R60: =R9*($B$60/100) -> 1.1 | S60: =S9*($B$60/100) -> 2.75 | T60: =T9*($B$60/100) -> 2.75 | U60: =U9*($B$60/100) -> 2.75 | V60: =V9*($B$60/100) -> 2.75 | ... X60: =X9*($B$60/100) -> 2.75 | AA60: =COUNTIF(AA10:AA58,">="&B60) -> 40
A61: number of students scoring more than 50% of marks | C61: =COUNTIF(C10:C58,">=1") -> 45 | D61: =COUNTIF(D10:D58,">=1") -> 45 | E61: =COUNTIF(E10:E58,">=1") -> 43 | F61: =COUNTIF(F10:F58,">=1") -> 39 | G61: =COUNTIF(G10:G58,">=1") -> 32 | H61: =COUNTIF(H10:H58,">=1") -> 38 | I61: =COUNTIF(I10:I58,">=1") -> 38 | J61: =COUNTIF(J10:J58,">=1") -> 37 | ... L61: =COUNTIF(L10:L58,">=1") -> 17 | N61: =COUNTIF(N10:N58,">=1") -> 46 | O61: =COUNTIF(O10:O58,">=1") -> 44 | P61: =COUNTIF(P10:P58,">=1") -> 25 | Q61: =COUNTIF(Q10:Q58,">=1") -> 40 | R61: =COUNTIF(R10:R58,">=1") -> 38 | S61: =COUNTIF(S10:S58,">=1") -> 43 | T61: =COUNTIF(T10:T58,">=1") -> 35 | U61: =COUNTIF(U10:U58,">=1") -> 34 | ... X61: =COUNTIF(X10:X58,">=1") -> 5 | AA61: =(AA60/A58)*100 -> 81.632653
A62: %ge of students scoring more than the specified mark | C62: =C61/C59 -> 0.97826087 | D62: =D61/D59 -> 0.97826087 | E62: =E61/E59 -> 0.95555556 | F62: =F61/F59 -> 0.92857143 | G62: =G61/G59 -> 0.8 | H62: =H61/H59 -> 1 | I62: =I61/I59 -> 1 | J62: =J61/J59 -> 1 | ... L62: =L61/L59 -> 1 | N62: =N61/N59 -> 0.93877551 | O62: =O61/O59 -> 0.91666667 | P62: =P61/P59 -> 0.52083333 | Q62: =Q61/Q59 -> 0.81632653 | R62: =R61/R59 -> 0.79166667 | S62: =S61/S59 -> 0.89583333 | T62: =T61/T59 -> 0.79545455 | U62: =U61/U59 -> 0.87179487 | ... X62: =X61/X59 -> 1
C63: CO1 | D63: CO1 | E63: CO2 | F63: CO1 | G63: CO1 | H63: CO1 | I63: CO1 | J63: CO2 | K63: CO2 | L63: CO2 | N63: CO3 | O63: CO4 | P63: CO5 | Q63: CO3 | R63: CO3 | S63: CO4 | T63: CO4 | U63: CO5 | V63: CO5 | W63: CO5 | X63: CO5
D67: Internal | F67: University | G67: CO Attainment
C68: CO1 | D68: =AVERAGE(C62,D62,F62,G62,H62,I62)*100 -> 94.751553 | E68: =IF(D68>=70,3,IF(AND(D68>=60,D68<70),2,IF(AND(D68>=50,D68<60),1))) -> 3 | F68: =IF(AA61>=70,3,IF(AND(AA61>=60,AA61<70),2,IF(AND(AA61>=50,AA61<60),1))) -> 3 | G68: =(70/100)*F68+(30/100)*E68 -> 3
C69: CO2 | D69: =AVERAGE(E62,J62,K62,L62)*100 -> 98.888889 | E69: =IF(D69>=70,3,IF(AND(D69>=60,D69<70),2,IF(AND(D69>=50,D69<60),1))) -> 3 | F69: =IF(AA61>=70,3,IF(AND(AA61>=60,AA61<70),2,IF(AND(AA61>=50,AA61<60),1))) -> 3 | G69: =(70/100)*F69+(30/100)*E69 -> 3
C70: CO3 | D70: =AVERAGE(N62,Q62,R62)*100 -> 84.89229 | E70: =IF(D70>=70,3,IF(AND(D70>=60,D70<70),2,IF(AND(D70>=50,D70<60),1))) -> 3 | F70: =IF(AA61>=70,3,IF(AND(AA61>=60,AA61<70),2,IF(AND(AA61>=50,AA61<60),1))) -> 3 | G70: =(70/100)*F70+(30/100)*E70 -> 3
C71: CO4 | D71: =AVERAGE(O62,S62,T62)*100 -> 86.931818 | E71: =IF(D71>=70,3,IF(AND(D71>=60,D71<70),2,IF(AND(D71>=50,D71<60),1))) -> 3 | F71: =IF(AA61>=70,3,IF(AND(AA61>=60,AA61<70),2,IF(AND(AA61>=50,AA61<60),1))) -> 3 | G71: =(70/100)*F71+(30/100)*E71 -> 3
C72: CO5 | D72: =AVERAGE(P62,U62,V62,W62,X62)*100 -> 78.882867 | E72: =IF(D72>=70,3,IF(AND(D72>=60,D72<70),2,IF(AND(D72>=50,D72<60),1))) -> 3 | F72: =IF(AA61>=70,3,IF(AND(AA61>=60,AA61<70),2,IF(AND(AA61>=50,AA61<60),1))) -> 3 | G72: =(70/100)*F72+(30/100)*E72 -> 3
B73: CO Average attainment for the subject | G73: =AVERAGE(G68:G72) -> 3
B75: CO - PO & PSO MAPPING :
B77: SUBJECT-M-I | D77: PO1 | E77: P02 | F77: PO3 | G77: PO4 | H77: PO5 | I77: P06 | J77: PO7 | K77: PO8 | L77: PO9 | M77: PO10 | N77: PO11 | O77: PO12 | P77: PSO1 | Q77: PSO2 | R77: PSO3
B78: CO1 | D78: 3 | E78: 3 | F78: 2 | G78: 2 | H78: 1 | O78: 2 | P78: 3 | Q78: 2 | R78: 1
B79: CO2 | D79: 3 | E79: 3 | F79: 2 | G79: 2 | H79: 1 | O79: 2 | P79: 3 | Q79: 2 | R79: 1
B80: CO3 | D80: 3 | E80: 3 | F80: 1 | G80: 2 | H80: 1 | O80: 2 | P80: 2 | Q80: 2 | R80: 1
B81: CO4 | D81: 3 | E81: 3 | F81: 2 | G81: 3 | H81: 1 | O81: 2 | P81: 3 | Q81: 2 | R81: 1
B82: CO5 | D82: 3 | E82: 3 | F82: 2 | G82: 2 | H82: 1 | O82: 2 | P82: 3 | Q82: 2 | R82: 1
B83: avg | D83: =AVERAGE(D78:D82) -> 3 | E83: =AVERAGE(E78:E82) -> 3 | F83: =AVERAGE(F78:F82) -> 1.8 | G83: =AVERAGE(G78:G82) -> 2.2 | H83: =AVERAGE(H78:H82) -> 1 | O83: =AVERAGE(O78:O82) -> 2 | P83: =AVERAGE(P78:P82) -> 2.8 | Q83: =AVERAGE(Q78:Q82) -> 2 | R83: =AVERAGE(R78:R82) -> 1
B84: total avg | D84: =AVERAGE(D83:O83) -> 2.1666667 | P84: =AVERAGE(P83:R83) -> 1.9333333
B86: CO-PO & PSO ATTAINMENT:
B88: CO - PO | D88: PO 1 | E88: PO 2 | F88: PO 3 | G88: PO 4 | H88: PO 5 | I88: PO 6 | J88: PO 7 | K88: PO 8 | L88: PO 9 | M88: PO 10 | N88: PO 11 | O88: PO 12 | P88: PSO 1 | Q88: PSO 2 | R88: PSO 3
B89: CO1 | D89: =($G68*D78)/3 -> 3 | E89: =($G68*E78)/3 -> 3 | F89: =($G68*F78)/3 -> 2 | G89: =($G68*G78)/3 -> 2 | H89: =($G68*H78)/3 -> 1 | O89: =($G68*O78)/3 -> 2 | P89: =$G68*P78/3 -> 3 | Q89: =$G68*Q78/3 -> 2 | R89: =$G68*R78/3 -> 1
B90: CO2 | D90: =($G69*D79)/3 -> 3 | E90: =($G69*E79)/3 -> 3 | F90: =($G69*F79)/3 -> 2 | G90: =($G69*G79)/3 -> 2 | H90: =($G69*H79)/3 -> 1 | O90: =($G69*O79)/3 -> 2 | P90: =$G69*P79/3 -> 3 | Q90: =$G69*Q79/3 -> 2 | R90: =$G69*R79/3 -> 1
B91: CO3 | D91: =($G70*D80)/3 -> 3 | E91: =($G70*E80)/3 -> 3 | F91: =($G70*F80)/3 -> 1 | G91: =($G70*G80)/3 -> 2 | H91: =($G70*H80)/3 -> 1 | O91: =($G70*O80)/3 -> 2 | P91: =$G70*P80/3 -> 2 | Q91: =$G70*Q80/3 -> 2 | R91: =$G70*R80/3 -> 1
B92: CO4 | D92: =($G71*D81)/3 -> 3 | E92: =($G71*E81)/3 -> 3 | F92: =($G71*F81)/3 -> 2 | G92: =($G71*G81)/3 -> 3 | H92: =($G71*H81)/3 -> 1 | O92: =($G71*O81)/3 -> 2 | P92: =$G71*P81/3 -> 3 | Q92: =$G71*Q81/3 -> 2 | R92: =$G71*R81/3 -> 1
B93: CO5 | D93: =($G72*D82)/3 -> 3 | E93: =($G72*E82)/3 -> 3 | F93: =($G72*F82)/3 -> 2 | G93: =($G72*G82)/3 -> 2 | H93: =($G72*H82)/3 -> 1 | O93: =($G72*O82)/3 -> 2 | P93: =$G72*P82/3 -> 3 | Q93: =$G72*Q82/3 -> 2 | R93: =$G72*R82/3 -> 1
B94: Average | D94: =AVERAGE(D89:D93) -> 3 | E94: =AVERAGE(E89:E93) -> 3 | F94: =AVERAGE(F89:F93) -> 1.8 | G94: =AVERAGE(G89:G93) -> 2.2 | H94: =AVERAGE(H89:H93) -> 1 | O94: =AVERAGE(O89:O93) -> 2 | P94: =AVERAGE(P89:P93) -> 2.8 | Q94: =AVERAGE(Q89:Q93) -> 2 | R94: =AVERAGE(R89:R93) -> 1
B95: Overall Average | D95: =AVERAGE(D94:O94) -> 2.1666667 | P95: =AVERAGE(P94:R94) -> 1.9333333

Sheet PHY 
B1: Subject: | C1: Physics | G1: Faculty: | H1: Dr.D. Santhosh Kumar | P1: Acd Year: | Q1: 2019-2020
B3: Year and Semester: | C3: 1st Yr I Semester | G3: Mid I/II: | H3: ECE
C4: I Mid | N4: TOTAL MARKS SCOURED | O4: II MID | Z4: TOTAL MARKS SCOURED
B5: Register Number | C5: Question No.1 | H5: Question No 2 | J5: Question No 3 | L5: Question No 4 | O5: Question No.1 | T5: Question No 2 | V5: Question No 3 | X5: Question No 4 | AB5: University Grade | AC5: Marks Obtained
C6: a | D6: b | E6: c | F6: d | G6: e | H6: a | I6: b | J6: a | K6: b | L6: a | M6: b | O6: a | P6: b | Q6: c | R6: d | S6: e | T6: a | U6: b | V6: a | W6: b | X6: a | Y6: b
B7: Matching CO | C7: CO1 | D7: CO2 | E7: CO 2 | F7: CO 1 | G7: CO 3 | H7: CO 1 | I7: CO 1 | J7: CO 1 | K7: CO 2 | L7: CO 1 | M7: CO 3 | O7: CO 3 | P7: CO 4 | Q7: CO 4 | R7: CO 5 | S7: CO 2 | T7: CO 2 | U7: CO 3 | V7: CO 3 | W7: CO 4 | X7: CO 5 | Y7: CO 5
A8: Sl.No. | B8: Maximum Marks | C8: 2 | D8: 2 | E8: 2 | F8: 2 | G8: 2 | H8: 5 | I8: 5 | J8: 5 | K8: 5 | L8: 5 | M8: 5 | N8: 30 | O8: 2 | P8: 2 | Q8: 2 | R8: 2 | S8: 2 | T8: 5 | U8: 5 | V8: 5 | W8: 5 | X8: 5 | Y8: 5 | Z8: 30
A9: 1 | B9: 5191421001 | C9: 2 | E9: 1 | H9: 5 | L9: 5 | N9: =M9+L9+K9+J9+I9+H9+G9+F9+E9+D9+C9 -> 13 | O9: 2 | P9: 1 | Q9: 1 | R9: 1 | T9: 5 | V9: 4 | W9: 3 | Z9: =Y9+X9+W9+V9+U9+T9+S9+R9+Q9+P9+O9 -> 17 | AB9: B | AC9: =IF(AB9="O",100,IF(AB9="A+",95,IF(AB9="A",90,IF(AB9="B+",85,IF(AB9="B",80,IF(AB9="C",70,IF(AB9="D",60,IF(AB9="E",50,IF(AB9="P",49,IF(AB9="F",39)))))))))) -> 80
A10: 2 | B10: 5191421002 | C10: 2 | D10: 1 | F10: 2 | H10: 5 | I10: 5 | L10: 4 | M10: 2 | N10: =M10+L10+K10+J10+I10+H10+G10+F10+E10+D10+C10 -> 21 | O10: 2 | P10: 2 | Q10: 2 | R10: 2 | S10: 2 | T10: 5 | X10: 5 | Z10: =Y10+X10+W10+V10+U10+T10+S10+R10+Q10+P10+O10 -> 20 | AB10: B+ | AC10: =IF(AB10="O",100,IF(AB10="A+",95,IF(AB10="A",90,IF(AB10="B+",85,IF(AB10="B",80,IF(AB10="C",70,IF(AB10="D",60,IF(AB10="E",50,IF(AB10="P",49,IF(AB10="F",39)))))))))) -> 85
A11: 3 | B11: 5191421003 | C11: 2 | D11: 2 | E11: 2 | F11: 2 | G11: 2 | H11: 5 | I11: 5 | L11: 5 | M11: 5 | N11: =M11+L11+K11+J11+I11+H11+G11+F11+E11+D11+C11 -> 30 | O11: 2 | P11: 2 | Q11: 2 | R11: 2 | S11: 2 | V11: 5 | W11: 5 | X11: 5 | Y11: 5 | Z11: =Y11+X11+W11+V11+U11+T11+S11+R11+Q11+P11+O11 -> 30 | AB11: A+ | AC11: =IF(AB11="O",100,IF(AB11="A+",95,IF(AB11="A",90,IF(AB11="B+",85,IF(AB11="B",80,IF(AB11="C",70,IF(AB11="D",60,IF(AB11="E",50,IF(AB11="P",49,IF(AB11="F",39)))))))))) -> 95
A12: 4 | B12: 5191421004 | C12: 2 | D12: 2 | F12: 2 | H12: 4 | K12: 4 | N12: =M12+L12+K12+J12+I12+H12+G12+F12+E12+D12+C12 -> 14 | O12: 1 | P12: 2 | Q12: 1 | R12: 1 | S12: 2 | T12: 3 | W12: 3 | Z12: =Y12+X12+W12+V12+U12+T12+S12+R12+Q12+P12+O12 -> 13 | AB12: C | AC12: =IF(AB12="O",100,IF(AB12="A+",95,IF(AB12="A",90,IF(AB12="B+",85,IF(AB12="B",80,IF(AB12="C",70,IF(AB12="D",60,IF(AB12="E",50,IF(AB12="P",49,IF(AB12="F",39)))))))))) -> 70
A13: 5 | B13: 5191421005 | C13: 2 | D13: 2 | F13: 1 | G13: 2 | H13: 5 | J13: 5 | N13: =M13+L13+K13+J13+I13+H13+G13+F13+E13+D13+C13 -> 17 | O13: 2 | P13: 2 | Q13: 2 | R13: 1 | S13: 2 | T13: 5 | X13: 0 | Y13: 5 | Z13: =Y13+X13+W13+V13+U13+T13+S13+R13+Q13+P13+O13 -> 19 | AB13: B+ | AC13: =IF(AB13="O",100,IF(AB13="A+",95,IF(AB13="A",90,IF(AB13="B+",85,IF(AB13="B",80,IF(AB13="C",70,IF(AB13="D",60,IF(AB13="E",50,IF(AB13="P",49,IF(AB13="F",39)))))))))) -> 85
A14: 6 | B14: 5191421006 | C14: 2 | E14: 2 | F14: 2 | G14: 2 | K14: 5 | L14: 5 | M14: 5 | N14: =M14+L14+K14+J14+I14+H14+G14+F14+E14+D14+C14 -> 23 | O14: 2 | P14: 2 | Q14: 2 | R14: 2 | S14: 2 | T14: 5 | X14: 5 | Y14: 5 | Z14: =Y14+X14+W14+V14+U14+T14+S14+R14+Q14+P14+O14 -> 25 | AB14: A | AC14: =IF(AB14="O",100,IF(AB14="A+",95,IF(AB14="A",90,IF(AB14="B+",85,IF(AB14="B",80,IF(AB14="C",70,IF(AB14="D",60,IF(AB14="E",50,IF(AB14="P",49,IF(AB14="F",39)))))))))) -> 90
A15: 7 | B15: 5191421007 | C15: 2 | E15: 2 | G15: 2 | H15: 5 | I15: 4 | L15: 5 | M15: 5 | N15: =M15+L15+K15+J15+I15+H15+G15+F15+E15+D15+C15 -> 25 | O15: 1 | P15: 2 | Q15: 2 | R15: 2 | S15: 1 | V15: 5 | W15: 5 | Y15: 5 | Z15: =Y15+X15+W15+V15+U15+T15+S15+R15+Q15+P15+O15 -> 23 | AB15: A+ | AC15: =IF(AB15="O",100,IF(AB15="A+",95,IF(AB15="A",90,IF(AB15="B+",85,IF(AB15="B",80,IF(AB15="C",70,IF(AB15="D",60,IF(AB15="E",50,IF(AB15="P",49,IF(AB15="F",39)))))))))) -> 95
A16: 8 | B16: 5191421008 | C16: 2 | D16: 2 | F16: 2 | H16: 5 | I16: 2 | L16: 5 | M16: 4 | N16: =M16+L16+K16+J16+I16+H16+G16+F16+E16+D16+C16 -> 22 | O16: 1 | P16: 2 | Q16: 2 | R16: 2 | S16: 1 | T16: 5 | U16: 1 | X16: 3 | Y16: 4 | Z16: =Y16+X16+W16+V16+U16+T16+S16+R16+Q16+P16+O16 -> 21 | AB16: C | AC16: =IF(AB16="O",100,IF(AB16="A+",95,IF(AB16="A",90,IF(AB16="B+",85,IF(AB16="B",80,IF(AB16="C",70,IF(AB16="D",60,IF(AB16="E",50,IF(AB16="P",49,IF(AB16="F",39)))))))))) -> 70
A17: 9 | B17: 5191421009 | C17: 2 | E17: 2 | H17: 5 | I17: 5 | L17: 5 | M17: 5 | N17: =M17+L17+K17+J17+I17+H17+G17+F17+E17+D17+C17 -> 24 | O17: 2 | P17: 1 | R17: 2 | S17: 1 | T17: 5 | U17: 1 | X17: 1 | Z17: =Y17+X17+W17+V17+U17+T17+S17+R17+Q17+P17+O17 -> 13 | AB17: B+ | AC17: =IF(AB17="O",100,IF(AB17="A+",95,IF(AB17="A",90,IF(AB17="B+",85,IF(AB17="B",80,IF(AB17="C",70,IF(AB17="D",60,IF(AB17="E",50,IF(AB17="P",49,IF(AB17="F",39)))))))))) -> 85
A18: 10 | B18: 5191421010 | C18: 2 | H18: 5 | I18: 4 | L18: 5 | N18: =M18+L18+K18+J18+I18+H18+G18+F18+E18+D18+C18 -> 16 | O18: 2 | P18: 2 | Q18: 2 | R18: 1 | S18: 2 | T18: 5 | W18: 3 | Z18: =Y18+X18+W18+V18+U18+T18+S18+R18+Q18+P18+O18 -> 17 | AB18: C | AC18: =IF(AB18="O",100,IF(AB18="A+",95,IF(AB18="A",90,IF(AB18="B+",85,IF(AB18="B",80,IF(AB18="C",70,IF(AB18="D",60,IF(AB18="E",50,IF(AB18="P",49,IF(AB18="F",39)))))))))) -> 70
A19: 11 | B19: 5191421011 | C19: 2 | E19: 2 | G19: 2 | J19: 5 | K19: 5 | L19: 5 | M19: 5 | N19: =M19+L19+K19+J19+I19+H19+G19+F19+E19+D19+C19 -> 26 | O19: 2 | P19: 2 | Q19: 2 | R19: 2 | S19: 2 | V19: 1 | W19: 5 | X19: 5 | Y19: 5 | Z19: =Y19+X19+W19+V19+U19+T19+S19+R19+Q19+P19+O19 -> 26 | AB19: A+ | AC19: =IF(AB19="O",100,IF(AB19="A+",95,IF(AB19="A",90,IF(AB19="B+",85,IF(AB19="B",80,IF(AB19="C",70,IF(AB19="D",60,IF(AB19="E",50,IF(AB19="P",49,IF(AB19="F",39)))))))))) -> 95
A20: 12 | B20: 5191421012 | H20: 4 | L20: 4 | N20: =M20+L20+K20+J20+I20+H20+G20+F20+E20+D20+C20 -> 8 | O20: 1 | P20: 1 | Q20: 1 | R20: 1 | T20: 4 | U20: 1 | W20: 5 | Z20: =Y20+X20+W20+V20+U20+T20+S20+R20+Q20+P20+O20 -> 14 | AB20: F | AC20: =IF(AB20="O",100,IF(AB20="A+",95,IF(AB20="A",90,IF(AB20="B+",85,IF(AB20="B",80,IF(AB20="C",70,IF(AB20="D",60,IF(AB20="E",50,IF(AB20="P",49,IF(AB20="F",39)))))))))) -> 39
A21: 13 | B21: 5191421013 | C21: 2 | E21: 2 | G21: 2 | H21: 5 | I21: 5 | L21: 5 | M21: 5 | N21: =M21+L21+K21+J21+I21+H21+G21+F21+E21+D21+C21 -> 26 | O21: 2 | P21: 2 | Q21: 2 | R21: 2 | S21: 2 | W21: 5 | X21: 5 | Y21: 5 | Z21: =Y21+X21+W21+V21+U21+T21+S21+R21+Q21+P21+O21 -> 25 | AB21: A | AC21: =IF(AB21="O",100,IF(AB21="A+",95,IF(AB21="A",90,IF(AB21="B+",85,IF(AB21="B",80,IF(AB21="C",70,IF(AB21="D",60,IF(AB21="E",50,IF(AB21="P",49,IF(AB21="F",39)))))))))) -> 90
A22: 14 | B22: 5191421014 | C22: 2 | E22: 2 | G22: 2 | H22: 5 | L22: 5 | M22: 5 | N22: =M22+L22+K22+J22+I22+H22+G22+F22+E22+D22+C22 -> 21 | O22: 2 | P22: 2 | Q22: 2 | R22: 1 | T22: 5 | Z22: =Y22+X22+W22+V22+U22+T22+S22+R22+Q22+P22+O22 -> 12 | AB22: B+ | AC22: =IF(AB22="O",100,IF(AB22="A+",95,IF(AB22="A",90,IF(AB22="B+",85,IF(AB22="B",80,IF(AB22="C",70,IF(AB22="D",60,IF(AB22="E",50,IF(AB22="P",49,IF(AB22="F",39)))))))))) -> 85
A23: 15 | B23: 5191421015 | H23: 2 | I23: 5 | K23: 5 | N23: =M23+L23+K23+J23+I23+H23+G23+F23+E23+D23+C23 -> 12 | O23: 2 | P23: 2 | Q23: 2 | R23: 2 | S23: 2 | V23: 5 | W23: 3 | X23: 4 | Y23: 5 | Z23: =Y23+X23+W23+V23+U23+T23+S23+R23+Q23+P23+O23 -> 27 | AB23: C | AC23: =IF(AB23="O",100,IF(AB23="A+",95,IF(AB23="A",90,IF(AB23="B+",85,IF(AB23="B",80,IF(AB23="C",70,IF(AB23="D",60,IF(AB23="E",50,IF(AB23="P",49,IF(AB23="F",39)))))))))) -> 70
A24: 16 | B24: 5191421016 | C24: 2 | E24: 1 | H24: 4 | I24: 3 | J24: 4 | K24: 5 | N24: =M24+L24+K24+J24+I24+H24+G24+F24+E24+D24+C24 -> 19 | O24: 2 | P24: 2 | Q24: 2 | R24: 2 | S24: 1 | T24: 5 | V24: 5 | W24: 5 | Z24: =Y24+X24+W24+V24+U24+T24+S24+R24+Q24+P24+O24 -> 24 | AB24: F | AC24: =IF(AB24="O",100,IF(AB24="A+",95,IF(AB24="A",90,IF(AB24="B+",85,IF(AB24="B",80,IF(AB24="C",70,IF(AB24="D",60,IF(AB24="E",50,IF(AB24="P",49,IF(AB24="F",39)))))))))) -> 39
A25: 17 | B25: 5191421017 | C25: 2 | D25: 2 | E25: 2 | H25: 4 | L25: 5 | M25: 2 | N25: =M25+L25+K25+J25+I25+H25+G25+F25+E25+D25+C25 -> 17 | O25: 1 | P25: 2 | Q25: 2 | R25: 2 | S25: 2 | T25: 5 | W25: 4 | Z25: =Y25+X25+W25+V25+U25+T25+S25+R25+Q25+P25+O25 -> 18 | AB25: B+ | AC25: =IF(AB25="O",100,IF(AB25="A+",95,IF(AB25="A",90,IF(AB25="B+",85,IF(AB25="B",80,IF(AB25="C",70,IF(AB25="D",60,IF(AB25="E",50,IF(AB25="P",49,IF(AB25="F",39)))))))))) -> 85
A26: 18 | B26: 5191421018 | E26: 2 | N26: =M26+L26+K26+J26+I26+H26+G26+F26+E26+D26+C26 -> 2 | O26: 2 | Q26: 1 | R26: 2 | S26: 1 | V26: 3 | W26: 1 | Z26: =Y26+X26+W26+V26+U26+T26+S26+R26+Q26+P26+O26 -> 10 | AB26: F | AC26: =IF(AB26="O",100,IF(AB26="A+",95,IF(AB26="A",90,IF(AB26="B+",85,IF(AB26="B",80,IF(AB26="C",70,IF(AB26="D",60,IF(AB26="E",50,IF(AB26="P",49,IF(AB26="F",39)))))))))) -> 39
A27: 19 | B27: 5191421019 | C27: 2 | D27: 2 | E27: 2 | G27: 2 | H27: 5 | I27: 5 | L27: 5 | N27: =M27+L27+K27+J27+I27+H27+G27+F27+E27+D27+C27 -> 23 | O27: 2 | P27: 2 | Q27: 2 | R27: 2 | S27: 2 | T27: 5 | V27: 5 | W27: 5 | Z27: =Y27+X27+W27+V27+U27+T27+S27+R27+Q27+P27+O27 -> 25 | AB27: A | AC27: =IF(AB27="O",100,IF(AB27="A+",95,IF(AB27="A",90,IF(AB27="B+",85,IF(AB27="B",80,IF(AB27="C",70,IF(AB27="D",60,IF(AB27="E",50,IF(AB27="P",49,IF(AB27="F",39)))))))))) -> 90
A28: 20 | B28: 5191421020 | C28: 2 | D28: 2 | E28: 2 | F28: 2 | G28: 2 | H28: 5 | I28: 5 | J28: 5 | K28: 5 | N28: =M28+L28+K28+J28+I28+H28+G28+F28+E28+D28+C28 -> 30 | O28: 1 | P28: 1 | Q28: 1 | R28: 2 | S28: 2 | V28: 5 | W28: 4 | X28: 5 | Y28: 4 | Z28: =Y28+X28+W28+V28+U28+T28+S28+R28+Q28+P28+O28 -> 25 | AB28: A+ | AC28: =IF(AB28="O",100,IF(AB28="A+",95,IF(AB28="A",90,IF(AB28="B+",85,IF(AB28="B",80,IF(AB28="C",70,IF(AB28="D",60,IF(AB28="E",50,IF(AB28="P",49,IF(AB28="F",39)))))))))) -> 95
A29: 21 | B29: 5191421021 | H29: 5 | I29: 2 | L29: 5 | M29: 5 | N29: =M29+L29+K29+J29+I29+H29+G29+F29+E29+D29+C29 -> 17 | O29: 2 | V29: 4 | W29: 1 | X29: 4 | Z29: =Y29+X29+W29+V29+U29+T29+S29+R29+Q29+P29+O29 -> 11 | AB29: F | AC29: =IF(AB29="O",100,IF(AB29="A+",95,IF(AB29="A",90,IF(AB29="B+",85,IF(AB29="B",80,IF(AB29="C",70,IF(AB29="D",60,IF(AB29="E",50,IF(AB29="P",49,IF(AB29="F",39)))))))))) -> 39
A30: 22 | B30: 5191421022 | C30: 2 | D30: 2 | E30: 2 | H30: 5 | J30: 4 | K30: 4 | N30: =M30+L30+K30+J30+I30+H30+G30+F30+E30+D30+C30 -> 19 | O30: 1 | P30: 2 | Q30: 1 | S30: 1 | T30: 4 | Z30: =Y30+X30+W30+V30+U30+T30+S30+R30+Q30+P30+O30 -> 9 | AB30: B+ | AC30: =IF(AB30="O",100,IF(AB30="A+",95,IF(AB30="A",90,IF(AB30="B+",85,IF(AB30="B",80,IF(AB30="C",70,IF(AB30="D",60,IF(AB30="E",50,IF(AB30="P",49,IF(AB30="F",39)))))))))) -> 85
A31: 23 | B31: 5191421023 | C31: 2 | F31: 1 | K31: 2 | L31: 5 | N31: =M31+L31+K31+J31+I31+H31+G31+F31+E31+D31+C31 -> 10 | O31: 2 | P31: 2 | Q31: 2 | R31: 2 | T31: 5 | W31: 5 | Z31: =Y31+X31+W31+V31+U31+T31+S31+R31+Q31+P31+O31 -> 18 | AB31: F | AC31: =IF(AB31="O",100,IF(AB31="A+",95,IF(AB31="A",90,IF(AB31="B+",85,IF(AB31="B",80,IF(AB31="C",70,IF(AB31="D",60,IF(AB31="E",50,IF(AB31="P",49,IF(AB31="F",39)))))))))) -> 39
A32: 24 | B32: 5191421024 | C32: 2 | H32: 3 | L32: 4 | N32: =M32+L32+K32+J32+I32+H32+G32+F32+E32+D32+C32 -> 9 | O32: 2 | P32: 2 | Q32: 2 | R32: 2 | T32: 2 | V32: 4 | W32: 2 | Z32: =Y32+X32+W32+V32+U32+T32+S32+R32+Q32+P32+O32 -> 16 | AB32: C | AC32: =IF(AB32="O",100,IF(AB32="A+",95,IF(AB32="A",90,IF(AB32="B+",85,IF(AB32="B",80,IF(AB32="C",70,IF(AB32="D",60,IF(AB32="E",50,IF(AB32="P",49,IF(AB32="F",39)))))))))) -> 70
A33: 25 | B33: 5191421025 | C33: 2 | D33: 2 | E33: 2 | F33: 2 | G33: 2 | H33: 5 | I33: 5 | L33: 5 | M33: 5 | N33: =M33+L33+K33+J33+I33+H33+G33+F33+E33+D33+C33 -> 30 | O33: 2 | P33: 2 | Q33: 2 | R33: 2 | S33: 2 | T33: 5 | U33: 5 | X33: 5 | Y33: 5 | Z33: =Y33+X33+W33+V33+U33+T33+S33+R33+Q33+P33+O33 -> 30 | AB33: O | AC33: =IF(AB33="O",100,IF(AB33="A+",95,IF(AB33="A",90,IF(AB33="B+",85,IF(AB33="B",80,IF(AB33="C",70,IF(AB33="D",60,IF(AB33="E",50,IF(AB33="P",49,IF(AB33="F",39)))))))))) -> 100
A34: 26 | B34: 5191421026 | C34: 2 | D34: 2 | E34: 2 | F34: 2 | H34: 5 | I34: 3 | L34: 5 | N34: =M34+L34+K34+J34+I34+H34+G34+F34+E34+D34+C34 -> 21 | O34: 2 | P34: 2 | Q34: 2 | R34: 2 | S34: 2 | T34: 5 | V34: 5 | W34: 4 | Z34: =Y34+X34+W34+V34+U34+T34+S34+R34+Q34+P34+O34 -> 24 | AB34: B+ | AC34: =IF(AB34="O",100,IF(AB34="A+",95,IF(AB34="A",90,IF(AB34="B+",85,IF(AB34="B",80,IF(AB34="C",70,IF(AB34="D",60,IF(AB34="E",50,IF(AB34="P",49,IF(AB34="F",39)))))))))) -> 85
A35: 27 | B35: 5191421027 | N35: =M35+L35+K35+J35+I35+H35+G35+F35+E35+D35+C35 -> 0 | O35: 2 | P35: 2 | Q35: 2 | R35: 2 | S35: 2 | T35: 5 | X35: 4 | Y35: 5 | Z35: =Y35+X35+W35+V35+U35+T35+S35+R35+Q35+P35+O35 -> 24 | AB35: B | AC35: =IF(AB35="O",100,IF(AB35="A+",95,IF(AB35="A",90,IF(AB35="B+",85,IF(AB35="B",80,IF(AB35="C",70,IF(AB35="D",60,IF(AB35="E",50,IF(AB35="P",49,IF(AB35="F",39)))))))))) -> 80
A36: 28 | B36: 5191421028 | C36: 2 | E36: 2 | F36: 2 | G36: 2 | H36: 5 | I36: 5 | J36: 5 | K36: 5 | N36: =M36+L36+K36+J36+I36+H36+G36+F36+E36+D36+C36 -> 28 | O36: 2 | P36: 2 | Q36: 2 | R36: 2 | S36: 2 | V36: 5 | W36: 5 | X36: 5 | Y36: 5 | Z36: =Y36+X36+W36+V36+U36+T36+S36+R36+Q36+P36+O36 -> 30 | AB36: A+ | AC36: =IF(AB36="O",100,IF(AB36="A+",95,IF(AB36="A",90,IF(AB36="B+",85,IF(AB36="B",80,IF(AB36="C",70,IF(AB36="D",60,IF(AB36="E",50,IF(AB36="P",49,IF(AB36="F",39)))))))))) -> 95
A37: 29 | B37: 5191421029 | C37: 2 | F37: 2 | G37: 2 | H37: 5 | I37: 2 | L37: 5 | M37: 5 | N37: =M37+L37+K37+J37+I37+H37+G37+F37+E37+D37+C37 -> 23 | O37: 2 | P37: 2 | Q37: 2 | R37: 2 | X37: 5 | Z37: =Y37+X37+W37+V37+U37+T37+S37+R37+Q37+P37+O37 -> 13 | AB37: C | AC37: =IF(AB37="O",100,IF(AB37="A+",95,IF(AB37="A",90,IF(AB37="B+",85,IF(AB37="B",80,IF(AB37="C",70,IF(AB37="D",60,IF(AB37="E",50,IF(AB37="P",49,IF(AB37="F",39)))))))))) -> 70
A38: 30 | B38: 5191421030 | K38: 2 | L38: 4 | N38: =M38+L38+K38+J38+I38+H38+G38+F38+E38+D38+C38 -> 6 | O38: 1 | P38: 2 | Q38: 2 | R38: 2 | S38: 1 | V38: 2 | Z38: =Y38+X38+W38+V38+U38+T38+S38+R38+Q38+P38+O38 -> 10 | AB38: F | AC38: =IF(AB38="O",100,IF(AB38="A+",95,IF(AB38="A",90,IF(AB38="B+",85,IF(AB38="B",80,IF(AB38="C",70,IF(AB38="D",60,IF(AB38="E",50,IF(AB38="P",49,IF(AB38="F",39)))))))))) -> 39
A39: 31 | B39: 5191421031 | C39: 2 | E39: 1 | H39: 5 | J39: 5 | K39: 5 | N39: =M39+L39+K39+J39+I39+H39+G39+F39+E39+D39+C39 -> 18 | O39: 2 | P39: 2 | Q39: 1 | R39: 1 | S39: 2 | T39: 5 | X39: 3 | Z39: =Y39+X39+W39+V39+U39+T39+S39+R39+Q39+P39+O39 -> 16 | AB39: B+ | AC39: =IF(AB39="O",100,IF(AB39="A+",95,IF(AB39="A",90,IF(AB39="B+",85,IF(AB39="B",80,IF(AB39="C",70,IF(AB39="D",60,IF(AB39="E",50,IF(AB39="P",49,IF(AB39="F",39)))))))))) -> 85
A40: 32 | B40: 5191421032 | L40: 3 | M40: 1 | N40: =M40+L40+K40+J40+I40+H40+G40+F40+E40+D40+C40 -> 4 | O40: 2 | P40: 2 | Q40: 2 | R40: 2 | S40: 2 | T40: 1 | U40: 1 | V40: 1 | W40: 1 | Z40: =Y40+X40+W40+V40+U40+T40+S40+R40+Q40+P40+O40 -> 14 | AB40: F | AC40: =IF(AB40="O",100,IF(AB40="A+",95,IF(AB40="A",90,IF(AB40="B+",85,IF(AB40="B",80,IF(AB40="C",70,IF(AB40="D",60,IF(AB40="E",50,IF(AB40="P",49,IF(AB40="F",39)))))))))) -> 39
A41: 33 | B41: 5191421033 | C41: 2 | D41: 2 | E41: 2 | F41: 2 | G41: 2 | H41: 5 | I41: 5 | L41: 5 | M41: 5 | N41: =M41+L41+K41+J41+I41+H41+G41+F41+E41+D41+C41 -> 30 | O41: 1 | P41: 2 | Q41: 2 | R41: 2 | S41: 2 | V41: 5 | W41: 4 | X41: 5 | Y41: 5 | Z41: =Y41+X41+W41+V41+U41+T41+S41+R41+Q41+P41+O41 -> 28 | AB41: A+ | AC41: =IF(AB41="O",100,IF(AB41="A+",95,IF(AB41="A",90,IF(AB41="B+",85,IF(AB41="B",80,IF(AB41="C",70,IF(AB41="D",60,IF(AB41="E",50,IF(AB41="P",49,IF(AB41="F",39)))))))))) -> 95
A42: 34 | B42: 5191421034 | C42: 2 | D42: 2 | E42: 2 | F42: 1 | G42: 2 | H42: 5 | I42: 5 | L42: 5 | M42: 5 | N42: =M42+L42+K42+J42+I42+H42+G42+F42+E42+D42+C42 -> 29 | O42: 2 | P42: 1 | R42: 2 | S42: 2 | T42: 5 | V42: 5 | W42: 5 | Z42: =Y42+X42+W42+V42+U42+T42+S42+R42+Q42+P42+O42 -> 22 | AB42: A+ | AC42: =IF(AB42="O",100,IF(AB42="A+",95,IF(AB42="A",90,IF(AB42="B+",85,IF(AB42="B",80,IF(AB42="C",70,IF(AB42="D",60,IF(AB42="E",50,IF(AB42="P",49,IF(AB42="F",39)))))))))) -> 95
A43: 35 | B43: 5191421035 | C43: 1 | H43: 2 | K43: 5 | N43: =M43+L43+K43+J43+I43+H43+G43+F43+E43+D43+C43 -> 8 | O43: 2 | P43: 1 | R43: 1 | V43: 4 | W43: 1 | Y43: 1 | Z43: =Y43+X43+W43+V43+U43+T43+S43+R43+Q43+P43+O43 -> 10 | AB43: P | AC43: =IF(AB43="O",100,IF(AB43="A+",95,IF(AB43="A",90,IF(AB43="B+",85,IF(AB43="B",80,IF(AB43="C",70,IF(AB43="D",60,IF(AB43="E",50,IF(AB43="P",49,IF(AB43="F",39)))))))))) -> 49
A44: 36 | B44: 5191421036 | C44: 2 | D44: 1 | F44: 2 | H44: 5 | I44: 4 | L44: 5 | N44: =M44+L44+K44+J44+I44+H44+G44+F44+E44+D44+C44 -> 19 | O44: 2 | P44: 2 | Q44: 2 | R44: 2 | S44: 2 | V44: 5 | W44: 5 | X44: 5 | Y44: 5 | Z44: =Y44+X44+W44+V44+U44+T44+S44+R44+Q44+P44+O44 -> 30 | AB44: A+ | AC44: =IF(AB44="O",100,IF(AB44="A+",95,IF(AB44="A",90,IF(AB44="B+",85,IF(AB44="B",80,IF(AB44="C",70,IF(AB44="D",60,IF(AB44="E",50,IF(AB44="P",49,IF(AB44="F",39)))))))))) -> 95
A45: 37 | B45: 5191421037 | C45: 2 | D45: 1 | H45: 3 | L45: 4 | M45: 1 | N45: =M45+L45+K45+J45+I45+H45+G45+F45+E45+D45+C45 -> 11 | O45: 2 | P45: 1 | Q45: 1 | R45: 1 | S45: 2 | U45: 1 | Z45: =Y45+X45+W45+V45+U45+T45+S45+R45+Q45+P45+O45 -> 8 | AB45: P | AC45: =IF(AB45="O",100,IF(AB45="A+",95,IF(AB45="A",90,IF(AB45="B+",85,IF(AB45="B",80,IF(AB45="C",70,IF(AB45="D",60,IF(AB45="E",50,IF(AB45="P",49,IF(AB45="F",39)))))))))) -> 49
A46: 38 | B46: 5191421038 | C46: 2 | D46: 1 | F46: 1 | H46: 5 | L46: 5 | N46: =M46+L46+K46+J46+I46+H46+G46+F46+E46+D46+C46 -> 14 | O46: 2 | P46: 2 | Q46: 1 | R46: 1 | S46: 2 | T46: 3 | W46: 3 | Z46: =Y46+X46+W46+V46+U46+T46+S46+R46+Q46+P46+O46 -> 14 | AB46: C | AC46: =IF(AB46="O",100,IF(AB46="A+",95,IF(AB46="A",90,IF(AB46="B+",85,IF(AB46="B",80,IF(AB46="C",70,IF(AB46="D",60,IF(AB46="E",50,IF(AB46="P",49,IF(AB46="F",39)))))))))) -> 70
A47: 39 | B47: 5191421039 | C47: 2 | D47: 2 | E47: 2 | F47: 2 | G47: 2 | H47: 5 | I47: 5 | L47: 5 | M47: 5 | N47: =M47+L47+K47+J47+I47+H47+G47+F47+E47+D47+C47 -> 30 | O47: 2 | P47: 2 | Q47: 2 | R47: 2 | S47: 2 | V47: 5 | W47: 5 | X47: 5 | Y47: 5 | Z47: =Y47+X47+W47+V47+U47+T47+S47+R47+Q47+P47+O47 -> 30 | AB47: A | AC47: =IF(AB47="O",100,IF(AB47="A+",95,IF(AB47="A",90,IF(AB47="B+",85,IF(AB47="B",80,IF(AB47="C",70,IF(AB47="D",60,IF(AB47="E",50,IF(AB47="P",49,IF(AB47="F",39)))))))))) -> 90
A48: 40 | B48: 5191421040 | C48: 2 | E48: 2 | F48: 1 | H48: 5 | I48: 4 | L48: 5 | M48: 5 | N48: =M48+L48+K48+J48+I48+H48+G48+F48+E48+D48+C48 -> 24 | O48: 2 | P48: 2 | R48: 1 | S48: 2 | T48: 2 | X48: 5 | Z48: =Y48+X48+W48+V48+U48+T48+S48+R48+Q48+P48+O48 -> 14 | AB48: C | AC48: =IF(AB48="O",100,IF(AB48="A+",95,IF(AB48="A",90,IF(AB48="B+",85,IF(AB48="B",80,IF(AB48="C",70,IF(AB48="D",60,IF(AB48="E",50,IF(AB48="P",49,IF(AB48="F",39)))))))))) -> 70
A49: 41 | B49: 5191421041 | C49: 2 | E49: 2 | F49: 2 | G49: 2 | H49: 5 | I49: 5 | L49: 4 | M49: 4 | N49: =M49+L49+K49+J49+I49+H49+G49+F49+E49+D49+C49 -> 26 | O49: 2 | P49: 2 | Q49: 2 | R49: 2 | S49: 2 | T49: 5 | U49: 3 | X49: 5 | Y49: 5 | Z49: =Y49+X49+W49+V49+U49+T49+S49+R49+Q49+P49+O49 -> 28 | AB49: A+ | AC49: =IF(AB49="O",100,IF(AB49="A+",95,IF(AB49="A",90,IF(AB49="B+",85,IF(AB49="B",80,IF(AB49="C",70,IF(AB49="D",60,IF(AB49="E",50,IF(AB49="P",49,IF(AB49="F",39)))))))))) -> 95
A50: 42 | B50: 5191421042 | C50: 1 | H50: 3 | I50: 2 | K50: 1 | N50: =M50+L50+K50+J50+I50+H50+G50+F50+E50+D50+C50 -> 7 | O50: 2 | P50: 2 | Q50: 2 | R50: 1 | T50: 2 | Z50: =Y50+X50+W50+V50+U50+T50+S50+R50+Q50+P50+O50 -> 9 | AB50: P | AC50: =IF(AB50="O",100,IF(AB50="A+",95,IF(AB50="A",90,IF(AB50="B+",85,IF(AB50="B",80,IF(AB50="C",70,IF(AB50="D",60,IF(AB50="E",50,IF(AB50="P",49,IF(AB50="F",39)))))))))) -> 49
A51: 43 | B51: 5191421043 | C51: 2 | D51: 2 | E51: 2 | F51: 2 | G51: 2 | J51: 5 | K51: 5 | L51: 5 | M51: 5 | N51: =M51+L51+K51+J51+I51+H51+G51+F51+E51+D51+C51 -> 30 | O51: 2 | P51: 2 | Q51: 2 | R51: 2 | S51: 2 | V51: 3 | W51: 5 | X51: 4 | Z51: =Y51+X51+W51+V51+U51+T51+S51+R51+Q51+P51+O51 -> 22 | AB51: A | AC51: =IF(AB51="O",100,IF(AB51="A+",95,IF(AB51="A",90,IF(AB51="B+",85,IF(AB51="B",80,IF(AB51="C",70,IF(AB51="D",60,IF(AB51="E",50,IF(AB51="P",49,IF(AB51="F",39)))))))))) -> 90
A52: 44 | B52: 5191421044 | C52: 2 | D52: 2 | E52: 2 | F52: 2 | G52: 2 | J52: 5 | K52: 5 | L52: 5 | M52: 5 | N52: =M52+L52+K52+J52+I52+H52+G52+F52+E52+D52+C52 -> 30 | O52: 2 | P52: 2 | Q52: 2 | R52: 2 | S52: 2 | T52: 5 | U52: 5 | V52: 5 | W52: 5 | Z52: =Y52+X52+W52+V52+U52+T52+S52+R52+Q52+P52+O52 -> 30 | AB52: O | AC52: =IF(AB52="O",100,IF(AB52="A+",95,IF(AB52="A",90,IF(AB52="B+",85,IF(AB52="B",80,IF(AB52="C",70,IF(AB52="D",60,IF(AB52="E",50,IF(AB52="P",49,IF(AB52="F",39)))))))))) -> 100
A53: 45 | B53: 5191421045 | C53: 2 | E53: 2 | F53: 2 | H53: 5 | I53: 5 | L53: 5 | N53: =M53+L53+K53+J53+I53+H53+G53+F53+E53+D53+C53 -> 21 | O53: 2 | P53: 2 | Q53: 2 | R53: 1 | S53: 2 | V53: 5 | W53: 1 | Z53: =Y53+X53+W53+V53+U53+T53+S53+R53+Q53+P53+O53 -> 15 | AB53: C | AC53: =IF(AB53="O",100,IF(AB53="A+",95,IF(AB53="A",90,IF(AB53="B+",85,IF(AB53="B",80,IF(AB53="C",70,IF(AB53="D",60,IF(AB53="E",50,IF(AB53="P",49,IF(AB53="F",39)))))))))) -> 70
A54: 46 | B54: 5191421046 | C54: 2 | D54: 1 | E54: 2 | F54: 2 | H54: 5 | I54: 2 | K54: 5 | L54: 5 | N54: =M54+L54+K54+J54+I54+H54+G54+F54+E54+D54+C54 -> 24 | O54: 2 | P54: 2 | Q54: 2 | R54: 2 | S54: 1 | T54: 5 | Y54: 4 | Z54: =Y54+X54+W54+V54+U54+T54+S54+R54+Q54+P54+O54 -> 18 | AB54: A | AC54: =IF(AB54="O",100,IF(AB54="A+",95,IF(AB54="A",90,IF(AB54="B+",85,IF(AB54="B",80,IF(AB54="C",70,IF(AB54="D",60,IF(AB54="E",50,IF(AB54="P",49,IF(AB54="F",39)))))))))) -> 90
A55: 47 | B55: 5191421047 | N55: =M55+L55+K55+J55+I55+H55+G55+F55+E55+D55+C55 -> 0 | O55: 2 | P55: 2 | Q55: 2 | Z55: =Y55+X55+W55+V55+U55+T55+S55+R55+Q55+P55+O55 -> 6 | AB55: F | AC55: =IF(AB55="O",100,IF(AB55="A+",95,IF(AB55="A",90,IF(AB55="B+",85,IF(AB55="B",80,IF(AB55="C",70,IF(AB55="D",60,IF(AB55="E",50,IF(AB55="P",49,IF(AB55="F",39)))))))))) -> 39
A56: 48 | B56: 5191421048 | C56: 2 | F56: 2 | G56: 1 | H56: 5 | J56: 4 | K56: 1 | N56: =M56+L56+K56+J56+I56+H56+G56+F56+E56+D56+C56 -> 15 | O56: 2 | P56: 2 | Q56: 2 | R56: 2 | T56: 5 | Z56: =Y56+X56+W56+V56+U56+T56+S56+R56+Q56+P56+O56 -> 13 | AB56: B+ | AC56: =IF(AB56="O",100,IF(AB56="A+",95,IF(AB56="A",90,IF(AB56="B+",85,IF(AB56="B",80,IF(AB56="C",70,IF(AB56="D",60,IF(AB56="E",50,IF(AB56="P",49,IF(AB56="F",39)))))))))) -> 85
A57: 49 | B57: 5191421049 | N57: =M57+L57+K57+J57+I57+H57+G57+F57+E57+D57+C57 -> 0 | O57: 2 | P57: 2 | Q57: 2 | R57: 2 | T57: 1 | U57: 3 | V57: 2 | W57: 4 | Z57: =Y57+X57+W57+V57+U57+T57+S57+R57+Q57+P57+O57 -> 18 | AB57: B | AC57: =IF(AB57="O",100,IF(AB57="A+",95,IF(AB57="A",90,IF(AB57="B+",85,IF(AB57="B",80,IF(AB57="C",70,IF(AB57="D",60,IF(AB57="E",50,IF(AB57="P",49,IF(AB57="F",39)))))))))) -> 80
C58: =COUNT(C9:C57) -> 40 | D58: =COUNT(D9:D57) -> 20 | E58: =COUNT(E9:E57) -> 27 | F58: =COUNT(F9:F57) -> 24 | G58: =COUNT(G9:G57) -> 19 | H58: =COUNT(H9:H57) -> 38 | I58: =COUNT(I9:I57) -> 25 | J58: =COUNT(J9:J57) -> 10 | ... M58: =COUNT(M9:M57) -> 22 | O58: =COUNT(O9:O57) -> 49 | P58: =COUNT(P9:P57) -> 47 | Q58: =COUNT(Q9:Q57) -> 44 | R58: =COUNT(R9:R57) -> 46 | S58: =COUNT(S9:S57) -> 37 | T58: =COUNT(T9:T57) -> 30 | U58: =COUNT(U9:U57) -> 9 | V58: =COUNT(V9:V57) -> 24 | ... Y58: =COUNT(Y9:Y57) -> 18
A59: Benchmark %ge | B59: 55 | C59: =C8*(B59/100) -> 1.1 | D59: =D8*(B59/100) -> 1.1 | E59: =E8*(B59/100) -> 1.1 | F59: =F8*(B59/100) -> 1.1 | G59: =G8*(B59/100) -> 1.1 | H59: =H8*(B59/100) -> 2.75 | I59: =I8*(B59/100) -> 2.75 | J59: =J8*(B59/100) -> 2.75 | K59: =K8*(B59/100) -> 2.75 | L59: =L8*(B59/100) -> 2.75 | M59: =M8*(B59/100) -> 2.75 | O59: =O8*(B59/100) -> 1.1 | P59: =P8*(B59/100) -> 1.1 | Q59: =Q8*(B59/100) -> 1.1 | R59: =R8*(B59/100) -> 1.1 | S59: =S8*(B59/100) -> 1.1 | T59: =T8*(B59/100) -> 2.75 | U59: =U8*(B59/100) -> 2.75 | V59: =V8*(B59/100) -> 2.75 | W59: =W8*(B59/100) -> 2.75 | X59: =X8*(B59/100) -> 2.75 | Y59: =Y8*(B59/100) -> 2.75 | AC59: =COUNTIF(AC9:AC56,">="&B59) -> 37
A60: number of students scoring more than 50% of marks | C60: =COUNTIF(C9:C57,">=1") -> 40 | D60: =COUNTIF(D9:D57,">=1") -> 20 | E60: =COUNTIF(E9:E57,">=1") -> 27 | F60: =COUNTIF(F9:F57,">=1") -> 24 | G60: =COUNTIF(G9:G57,">=1") -> 19 | H60: =COUNTIF(H9:H57,">=2.5") -> 36 | I60: =COUNTIF(I9:I57,">=2.5") -> 20 | J60: =COUNTIF(J9:J57,">=2.5") -> 10 | K60: =COUNTIF(K9:K57,">=2.5") -> 13 | L60: =COUNTIF(L9:L57,">=2.5") -> 34 | M60: =COUNTIF(M9:M57,">=2.5") -> 18 | O60: =COUNTIF(O9:O57,">=1") -> 49 | P60: =COUNTIF(P9:P57,">=1") -> 47 | Q60: =COUNTIF(Q9:Q57,">=1") -> 44 | R60: =COUNTIF(R9:R57,">=1") -> 46 | S60: =COUNTIF(S9:S57,">=1") -> 37 | T60: =COUNTIF(T9:T57,">=2.5") -> 25 | U60: =COUNTIF(U9:U57,">=2.5") -> 4 | V60: =COUNTIF(V9:V57,">=2.5") -> 20 | W60: =COUNTIF(W9:W57,">=2.5") -> 24 | X60: =COUNTIF(X9:X57,">=2.5") -> 20 | Y60: =COUNTIF(Y9:Y57,">=2.5") -> 17 | AC60: =(AC59/A57)*100 -> 75.510204
A61: %ge of students scoring more than the specified mark | C61: =C60/C58 -> 1 | D61: =D60/D58 -> 1 | E61: =E60/E58 -> 1 | F61: =F60/F58 -> 1 | G61: =G60/G58 -> 1 | H61: =H60/H58 -> 0.94736842 | I61: =I60/I58 -> 0.8 | J61: =J60/J58 -> 1 | ... M61: =M60/M58 -> 0.81818182 | O61: =O60/O58 -> 1 | P61: =P60/P58 -> 1 | Q61: =Q60/Q58 -> 1 | R61: =R60/R58 -> 1 | S61: =S60/S58 -> 1 | T61: =T60/T58 -> 0.83333333 | U61: =U60/U58 -> 0.44444444 | V61: =V60/V58 -> 0.83333333 | ... Y61: =Y60/Y58 -> 0.94444444
C64: Internal | E64: University | F64: CO Attainment
B65: CO1 | C65: =AVERAGE(C61,F61,H61,I61,J61,L61)*100 -> 95.789474 | D65: =IF(C65>=70,3,IF(AND(C65>=60,C65<70),2,IF(AND(C65>=50,C65<60),1))) -> 3 | E65: =IF(AC60>=70,3,IF(AND(AC60>=60,AC60<70),2,IF(AND(AC60>=50,AC60<60),1))) -> 3 | F65: =(70/100)*E65+(30/100)*D65 -> 3
B66: CO2 | C66: =AVERAGE(D61,E61,K61,S61,T61)*100 -> 91.960784 | D66: =IF(C66>=70,3,IF(AND(C66>=60,C66<70),2,IF(AND(C66>=50,C66<60),1))) -> 3 | E66: =IF(AC60>=70,3,IF(AND(AC60>=60,AC60<70),2,IF(AND(AC60>=50,AC60<60),1))) -> 3 | F66: =(70/100)*E66+(30/100)*D66 -> 3
B67: CO3 | C67: =AVERAGE(G61,M61,O61,U61,V61)*100 -> 81.919192 | D67: =IF(C67>=70,3,IF(AND(C67>=60,C67<70),2,IF(AND(C67>=50,C67<60),1))) -> 3 | E67: =IF(AC60>=70,3,IF(AND(AC60>=60,AC60<70),2,IF(AND(AC60>=50,AC60<60),1))) -> 3 | F67: =(70/100)*E67+(30/100)*D67 -> 3
B68: CO4 | C68: =AVERAGE(P61,Q61,W61)*100 -> 93.333333 | D68: =IF(C68>=70,3,IF(AND(C68>=60,C68<70),2,IF(AND(C68>=50,C68<60),1))) -> 3 | E68: =IF(AC60>=70,3,IF(AND(AC60>=60,AC60<70),2,IF(AND(AC60>=50,AC60<60),1))) -> 3 | F68: =(70/100)*E68+(30/100)*D68 -> 3
B69: CO5 | C69: =AVERAGE(R61,X61,Y61)*100 -> 95.117845 | D69: =IF(C69>=70,3,IF(AND(C69>=60,C69<70),2,IF(AND(C69>=50,C69<60),1))) -> 3 | E69: =IF(AC60>=70,3,IF(AND(AC60>=60,AC60<70),2,IF(AND(AC60>=50,AC60<60),1))) -> 3 | F69: =(70/100)*E69+(30/100)*D69 -> 3
B70: CO Average attainment for the subject | F70: =AVERAGE(E65:E69) -> 3
A72: CO - PO MAPPING
B74: CO - PO | C74: PO 1 | D74: PO 2 | E74: PO 3 | F74: PO 4 | G74: PO 5 | H74: PO 6 | I74: PO 7 | J74: PO 8 | K74: PO 9 | L74: PO 10 | M74: PO 11 | N74: PO 12
B75: CO 1 | C75: 3 | D75: 3 | E75: 3 | F75: 2 | G75: 2 | H75: 3 | I75: 2 | J75: 2 | L75: 2 | M75: 2 | N75: 3
B76: CO 2 | C76: 3 | D76: 3 | F76: 3 | G76: 2 | H76: 3 | I76: 2 | J76: 2 | K76: 2 | L76: 3 | M76: 2 | N76: 3
B77: CO 3 | C77: 3 | D77: 3 | E77: 3 | F77: 3 | G77: 2 | H77: 3 | I77: 2 | J77: 2 | L77: 3 | M77: 2 | N77: 3
B78: CO 4 | C78: 3 | D78: 3 | E78: 3 | F78: 2 | G78: 1 | H78: 3 | I78: 2 | J78: 2 | K78: 2 | L78: 3 | M78: 2 | N78: 3
B79: CO 5 | C79: 3 | D79: 3 | E79: 3 | F79: 2 | G79: 2 | H79: 3 | I79: 2 | J79: 2 | L79: 2 | M79: 2 | N79: 3
B80: Average | C80: =AVERAGE(C75:C79) -> 3 | D80: =AVERAGE(D75:D79) -> 3 | E80: =AVERAGE(E75:E79) -> 3 | F80: =AVERAGE(F75:F79) -> 2.4 | G80: =AVERAGE(G75:G79) -> 1.8 | H80: =AVERAGE(H75:H79) -> 3 | I80: =AVERAGE(I75:I79) -> 2 | J80: =AVERAGE(J75:J79) -> 2 | ... N80: =AVERAGE(N75:N79) -> 3
B81: Overall Average | C81: =AVERAGE(C80:R80) -> 2.4833333
B83: CO - PSO Attainment
B85: CO - PO | C85: PO 1 | D85: PO 2 | E85: PO 3 | F85: PO 4 | G85: PO 5 | H85: PO 6 | I85: PO 7 | J85: PO 8 | K85: PO 9 | L85: PO 10 | M85: PO 11 | N85: PO 12
B86: CO 1 | C86: =$F$65*C75/3 -> 3 | D86: =$F$65*D75/3 -> 3 | E86: =$F$65*E75/3 -> 3 | F86: =$F$65*F75/3 -> 2 | G86: =$F$65*G75/3 -> 2 | H86: =$F$65*H75/3 -> 3 | I86: =$F$65*I75/3 -> 2 | J86: =$F$65*J75/3 -> 2 | L86: =$F$65*L75/3 -> 2 | M86: =$F$65*M75/3 -> 2 | N86: =$F$65*N75/3 -> 3
B87: CO 2 | C87: =$F$66*C76/3 -> 3 | D87: =$F$66*D76/3 -> 3 | F87: =$F$66*F76/3 -> 3 | G87: =$F$66*G76/3 -> 2 | H87: =$F$66*H76/3 -> 3 | I87: =$F$66*I76/3 -> 2 | J87: =$F$66*J76/3 -> 2 | K87: =$F$66*K76/3 -> 2 | L87: =$F$66*L76/3 -> 3 | M87: =$F$66*M76/3 -> 2 | N87: =$F$66*N76/3 -> 3
B88: CO 3 | C88: =$F$67*C77/3 -> 3 | D88: =$F$67*D77/3 -> 3 | E88: =$F$67*E77/3 -> 3 | F88: =$F$67*F77/3 -> 3 | G88: =$F$67*G77/3 -> 2 | H88: =$F$67*H77/3 -> 3 | I88: =$F$67*I77/3 -> 2 | J88: =$F$67*J77/3 -> 2 | L88: =$F$67*L77/3 -> 3 | M88: =$F$67*M77/3 -> 2 | N88: =$F$67*N77/3 -> 3
B89: CO 4 | C89: =$F$68*C78/3 -> 3 | D89: =$F$68*D78/3 -> 3 | E89: =$F$68*E78/3 -> 3 | F89: =$F$68*F78/3 -> 2 | G89: =$F$68*G78/3 -> 1 | H89: =$F$68*H78/3 -> 3 | I89: =$F$68*I78/3 -> 2 | J89: =$F$68*J78/3 -> 2 | ... N89: =$F$68*N78/3 -> 3
B90: CO 5 | C90: =$F$69*C79/3 -> 3 | D90: =$F$69*D79/3 -> 3 | E90: =$F$69*E79/3 -> 3 | F90: =$F$69*F79/3 -> 2 | G90: =$F$69*G79/3 -> 2 | H90: =$F$69*H79/3 -> 3 | I90: =$F$69*I79/3 -> 2 | J90: =$F$69*J79/3 -> 2 | L90: =$F$69*L79/3 -> 2 | M90: =$F$69*M79/3 -> 2 | N90: =$F$69*N79/3 -> 3
B91: Average | C91: =AVERAGE(C86:C90) -> 3 | D91: =AVERAGE(D86:D90) -> 3 | E91: =AVERAGE(E86:E90) -> 3 | F91: =AVERAGE(F86:F90) -> 2.4 | G91: =AVERAGE(G86:G90) -> 1.8 | H91: =AVERAGE(H86:H90) -> 3 | I91: =AVERAGE(I86:I90) -> 2 | J91: =AVERAGE(J86:J90) -> 2 | ... N91: =AVERAGE(N86:N90) -> 3
A94: CO - PSO MAPPING | J94: CO - PSO Attainment
B95: CO - PSO | C95: PSO 1 | D95: PSO 2 | E95: PSO 3 | K95: CO - PSO | L95: PSO 1 | M95: PSO 2 | N95: PSO 3
B96: CO 1 | C96: 3 | D96: 1 | E96: 3 | K96: CO 1 | L96: =C96*$F$65/3 -> 3 | M96: =D96*$F$65/3 -> 1 | N96: =E96*$F$65/3 -> 3
B97: CO 2 | C97: 3 | D97: 1 | E97: 3 | K97: CO 2 | L97: =C97*$F$66/3 -> 3 | M97: =D97*$F$66/3 -> 1 | N97: =E97*$F$66/3 -> 3
B98: CO 3 | C98: 3 | D98: 2 | E98: 3 | K98: CO 3 | L98: =C98*$F$67/3 -> 3 | M98: =D98*$F$67/3 -> 2 | N98: =E98*$F$67/3 -> 3
B99: CO 4 | C99: 2 | D99: 1 | E99: 3 | K99: CO 4 | L99: =C99*$F$68/3 -> 2 | M99: =D99*$F$68/3 -> 1 | N99: =E99*$F$68/3 -> 3
B100: CO 5 | C100: 3 | D100: 2 | E100: 2 | K100: CO 5 | L100: =C100*$F$69/3 -> 3 | M100: =D100*$F$69/3 -> 2 | N100: =E100*$F$69/3 -> 2
B101: Average | C101: =ROUND(AVERAGE(C96:C100),0) -> 3 | D101: =ROUND(AVERAGE(D96:D100),0) -> 1 | E101: =ROUND(AVERAGE(E96:E100),0) -> 3 | K101: Average | L101: =ROUND(AVERAGE(L96:L100),0) -> 3 | M101: =ROUND(AVERAGE(M96:M100),0) -> 1 | N101: =ROUND(AVERAGE(N96:N100),0) -> 3
B102: Overall Average | C102: =AVERAGE(C101:E101) -> 2.3333333 | K102: Overall Average | L102: =AVERAGE(L101:N101) -> 2.3333333

Sheet EG
A3: Subject: | C3: EG | H3: AY: | J3: 2019-20
A4: Faculty: | C4: CHG | H4: Batch: | J4: 2019-2023
B5: Year and Semester: | C5: I Yr I Semester | H5: Branch: | J5: ECE
C6: MID I | K6: MID II
B7: Register Number | C7: Question No.1 | H7: Q2 | I7: Q3 | J7: Q4 | K7: Question No.1 | P7: Q2 | Q7: Q3 | R7: Q4 | T7: University Grade | U7: Marks Obtained
C8: a | D8: b | E8: c | F8: d | G8: e | K8: a | L8: b | M8: c | N8: d | O8: e
B9: Matching CO | C9: 1 | D9: 2 | E9: 2 | F9: 1 | G9: 3 | H9: 1 | I9: 3 | J9: 2 | K9: 1 | L9: 1 | M9: 1 | N9: 4 | O9: 1 | P9: 2 | Q9: 3 | R9: 4
A10: Sl.No. | B10: Maximum Marks | C10: 2 | D10: 2 | E10: 2 | F10: 2 | G10: 2 | H10: 10 | I10: 10 | J10: 10 | K10: 2 | L10: 2 | M10: 2 | N10: 2 | O10: 2 | P10: 10 | Q10: 10 | R10: 10 | U10: 70
A11: 1 | B11: 5191421001 | C11: 2 | D11: 2 | E11: 2 | F11: 2 | G11: 2 | H11: 10 | I11: 10 | J11: 10 | K11: 1 | L11: 1 | M11: 2 | N11: 1 | O11: 1 | P11: 4 | R11: 10 | T11: C | U11: =IF(T11="F",0,IF(T11="O",100,IF(T11="A+",90,IF(T11="A",80,IF(T11="B+",70,IF(T11="B",60,IF(T11="C",55,IF(T11="P",50)))))))) -> 55
A12: 2 | B12: =+B11+1 -> 5191421002 | C12: 0 | D12: 2 | E12: 2 | F12: 0 | G12: 1 | H12: 3 | I12: 4 | J12: 9 | K12: 2 | L12: 1 | M12: 2 | N12: 1 | O12: 2 | Q12: 5 | R12: 8 | T12: C | U12: =IF(T12="F",0,IF(T12="O",100,IF(T12="A+",90,IF(T12="A",80,IF(T12="B+",70,IF(T12="B",60,IF(T12="C",55,IF(T12="P",50)))))))) -> 55
A13: 3 | B13: =+B12+1 -> 5191421003 | C13: 0 | D13: 1 | E13: 2 | F13: 0 | G13: 2 | H13: 2 | I13: 8 | J13: 9 | K13: 2 | L13: 1 | M13: 2 | N13: 1 | O13: 2 | Q13: 9 | R13: 10 | T13: A | U13: =IF(T13="F",0,IF(T13="O",100,IF(T13="A+",90,IF(T13="A",80,IF(T13="B+",70,IF(T13="B",60,IF(T13="C",55,IF(T13="P",50)))))))) -> 80
A14: 4 | B14: =+B13+1 -> 5191421004 | C14: 2 | D14: 2 | E14: 2 | F14: 0 | G14: 2 | H14: 7 | I14: 7 | J14: 6 | K14: 2 | L14: 1 | M14: 2 | N14: 1 | O14: 1 | Q14: 7 | T14: F | U14: =IF(T14="F",0,IF(T14="O",100,IF(T14="A+",90,IF(T14="A",80,IF(T14="B+",70,IF(T14="B",60,IF(T14="C",55,IF(T14="P",50)))))))) -> 0
A15: 5 | B15: =+B14+1 -> 5191421005 | C15: 1 | D15: 2 | E15: 2 | F15: 0 | G15: 2 | H15: 2 | J15: 3 | K15: 2 | L15: 1 | M15: 2 | N15: 1 | O15: 1 | P15: 2 | Q15: 3 | T15: F | U15: =IF(T15="F",0,IF(T15="O",100,IF(T15="A+",90,IF(T15="A",80,IF(T15="B+",70,IF(T15="B",60,IF(T15="C",55,IF(T15="P",50)))))))) -> 0
A16: 6 | B16: =+B15+1 -> 5191421006 | C16: 2 | D16: 1 | E16: 0 | F16: 0 | G16: 2 | H16: 4 | I16: 0 | K16: 1 | L16: 1 | M16: 2 | N16: 2 | O16: 1 | Q16: 2 | T16: B+ | U16: =IF(T16="F",0,IF(T16="O",100,IF(T16="A+",90,IF(T16="A",80,IF(T16="B+",70,IF(T16="B",60,IF(T16="C",55,IF(T16="P",50)))))))) -> 70
A17: 7 | B17: =+B16+1 -> 5191421007 | C17: 1 | D17: 1 | F17: 0 | G17: 2 | H17: 4 | K17: 2 | L17: 0 | M17: 2 | N17: 1 | O17: 1 | P17: 3 | Q17: 4 | T17: C | U17: =IF(T17="F",0,IF(T17="O",100,IF(T17="A+",90,IF(T17="A",80,IF(T17="B+",70,IF(T17="B",60,IF(T17="C",55,IF(T17="P",50)))))))) -> 55
A18: 8 | B18: =+B17+1 -> 5191421008 | C18: 2 | D18: 0 | E18: 2 | F18: 0 | G18: 2 | H18: 7 | I18: 0 | J18: 1 | K18: 2 | L18: 1 | M18: 2 | N18: 2 | O18: 1 | P18: 3 | Q18: 6 | T18: C | U18: =IF(T18="F",0,IF(T18="O",100,IF(T18="A+",90,IF(T18="A",80,IF(T18="B+",70,IF(T18="B",60,IF(T18="C",55,IF(T18="P",50)))))))) -> 55
A19: 9 | B19: =+B18+1 -> 5191421009 | C19: 2 | G19: 2 | H19: 3 | I19: 5 | J19: 1 | K19: 2 | L19: 1 | M19: 2 | N19: 2 | O19: 1 | P19: 3 | Q19: 6 | T19: B+ | U19: =IF(T19="F",0,IF(T19="O",100,IF(T19="A+",90,IF(T19="A",80,IF(T19="B+",70,IF(T19="B",60,IF(T19="C",55,IF(T19="P",50)))))))) -> 70
A20: 10 | B20: =+B19+1 -> 5191421010 | C20: 1 | D20: 1 | E20: 2 | F20: 0 | G20: 1 | H20: 3 | J20: 0 | K20: 2 | L20: 1 | M20: 2 | N20: 1 | O20: 1 | P20: 2 | Q20: 3 | T20: B+ | U20: =IF(T20="F",0,IF(T20="O",100,IF(T20="A+",90,IF(T20="A",80,IF(T20="B+",70,IF(T20="B",60,IF(T20="C",55,IF(T20="P",50)))))))) -> 70
A21: 11 | B21: =+B20+1 -> 5191421011 | C21: 1 | D21: 1 | E21: 1 | F21: 1 | G21: 1 | K21: 2 | L21: 1 | M21: 2 | N21: 1 | O21: 2 | P21: 4 | R21: 3 | T21: B+ | U21: =IF(T21="F",0,IF(T21="O",100,IF(T21="A+",90,IF(T21="A",80,IF(T21="B+",70,IF(T21="B",60,IF(T21="C",55,IF(T21="P",50)))))))) -> 70
A22: 12 | B22: =+B21+1 -> 5191421012 | C22: 1 | D22: 2 | E22: 2 | F22: 1 | G22: 1 | H22: 7 | J22: 8 | K22: 2 | L22: 1 | M22: 2 | N22: 1 | O22: 2 | Q22: 2 | R22: 1 | T22: C | U22: =IF(T22="F",0,IF(T22="O",100,IF(T22="A+",90,IF(T22="A",80,IF(T22="B+",70,IF(T22="B",60,IF(T22="C",55,IF(T22="P",50)))))))) -> 55
A23: 13 | B23: =+B22+1 -> 5191421013 | C23: 2 | D23: 1 | E23: 2 | G23: 1 | H23: 3 | J23: 3 | K23: 2 | L23: 1 | M23: 2 | N23: 1 | O23: 2 | Q23: 3 | T23: A | U23: =IF(T23="F",0,IF(T23="O",100,IF(T23="A+",90,IF(T23="A",80,IF(T23="B+",70,IF(T23="B",60,IF(T23="C",55,IF(T23="P",50)))))))) -> 80
A24: 14 | B24: =+B23+1 -> 5191421014 | C24: 2 | D24: 2 | E24: 2 | F24: 0 | G24: 1 | H24: 3 | J24: 6 | K24: 2 | L24: 1 | M24: 2 | N24: 1 | O24: 1 | Q24: 2 | R24: 1 | T24: B | U24: =IF(T24="F",0,IF(T24="O",100,IF(T24="A+",90,IF(T24="A",80,IF(T24="B+",70,IF(T24="B",60,IF(T24="C",55,IF(T24="P",50)))))))) -> 60
A25: 15 | B25: =+B24+1 -> 5191421015 | C25: 1 | D25: 2 | E25: 1 | G25: 2 | H25: 3 | J25: 4 | K25: 2 | L25: 1 | M25: 2 | N25: 1 | O25: 1 | Q25: 1 | R25: 1 | T25: C | U25: =IF(T25="F",0,IF(T25="O",100,IF(T25="A+",90,IF(T25="A",80,IF(T25="B+",70,IF(T25="B",60,IF(T25="C",55,IF(T25="P",50)))))))) -> 55
A26: 16 | B26: =+B25+1 -> 5191421016 | C26: 1 | D26: 2 | G26: 2 | H26: 5 | J26: 1 | K26: 2 | L26: 1 | M26: 2 | N26: 2 | O26: 2 | Q26: 3 | T26: P | U26: =IF(T26="F",0,IF(T26="O",100,IF(T26="A+",90,IF(T26="A",80,IF(T26="B+",70,IF(T26="B",60,IF(T26="C",55,IF(T26="P",50)))))))) -> 50
A27: 17 | B27: =+B26+1 -> 5191421017 | C27: 2 | D27: 2 | E27: 2 | G27: 2 | H27: 5 | J27: 4 | K27: 2 | L27: 1 | M27: 2 | N27: 2 | O27: 2 | Q27: 10 | R27: 3 | T27: B+ | U27: =IF(T27="F",0,IF(T27="O",100,IF(T27="A+",90,IF(T27="A",80,IF(T27="B+",70,IF(T27="B",60,IF(T27="C",55,IF(T27="P",50)))))))) -> 70
A28: 18 | B28: =+B27+1 -> 5191421018 | C28: 2 | D28: 2 | E28: 2 | H28: 6 | J28: 7 | K28: 2 | L28: 1 | M28: 2 | N28: 2 | O28: 2 | P28: 4 | Q28: 8 | T28: F | U28: =IF(T28="F",0,IF(T28="O",100,IF(T28="A+",90,IF(T28="A",80,IF(T28="B+",70,IF(T28="B",60,IF(T28="C",55,IF(T28="P",50)))))))) -> 0
A29: 19 | B29: =+B28+1 -> 5191421019 | C29: 2 | D29: 2 | E29: 2 | F29: 0 | G29: 1 | H29: 6 | J29: 4 | K29: 2 | L29: 1 | M29: 2 | N29: 2 | O29: 2 | P29: 4 | T29: B+ | U29: =IF(T29="F",0,IF(T29="O",100,IF(T29="A+",90,IF(T29="A",80,IF(T29="B+",70,IF(T29="B",60,IF(T29="C",55,IF(T29="P",50)))))))) -> 70
A30: 20 | B30: =+B29+1 -> 5191421020 | C30: 2 | D30: 2 | E30: 2 | G30: 1 | H30: 6 | K30: 2 | L30: 1 | M30: 2 | N30: 2 | O30: 1 | P30: 4 | Q30: 3 | T30: A | U30: =IF(T30="F",0,IF(T30="O",100,IF(T30="A+",90,IF(T30="A",80,IF(T30="B+",70,IF(T30="B",60,IF(T30="C",55,IF(T30="P",50)))))))) -> 80
A31: 21 | B31: =+B30+1 -> 5191421021 | C31: 2 | D31: 2 | E31: 2 | G31: 1 | H31: 5 | K31: 2 | M31: 2 | N31: 1 | O31: 1 | P31: 2 | Q31: 6 | R31: 4 | T31: B+ | U31: =IF(T31="F",0,IF(T31="O",100,IF(T31="A+",90,IF(T31="A",80,IF(T31="B+",70,IF(T31="B",60,IF(T31="C",55,IF(T31="P",50)))))))) -> 70
A32: 22 | B32: =+B31+1 -> 5191421022 | C32: 1 | D32: 2 | E32: 2 | F32: 0 | G32: 2 | I32: 4 | J32: 4 | K32: 2 | M32: 2 | N32: 0 | O32: 1 | P32: 2 | Q32: 5 | T32: P | U32: =IF(T32="F",0,IF(T32="O",100,IF(T32="A+",90,IF(T32="A",80,IF(T32="B+",70,IF(T32="B",60,IF(T32="C",55,IF(T32="P",50)))))))) -> 50
A33: 23 | B33: =+B32+1 -> 5191421023 | C33: 1 | D33: 2 | E33: 2 | G33: 2 | H33: 6 | I33: 3 | K33: 2 | M33: 2 | N33: 1 | O33: 2 | Q33: 3 | T33: B+ | U33: =IF(T33="F",0,IF(T33="O",100,IF(T33="A+",90,IF(T33="A",80,IF(T33="B+",70,IF(T33="B",60,IF(T33="C",55,IF(T33="P",50)))))))) -> 70
A34: 24 | B34: =+B33+1 -> 5191421024 | C34: 2 | D34: 2 | E34: 2 | F34: 0 | G34: 2 | H34: 4 | J34: 4 | K34: 2 | L34: 0 | M34: 1 | N34: 1 | O34: 2 | P34: 0 | Q34: 3 | T34: P | U34: =IF(T34="F",0,IF(T34="O",100,IF(T34="A+",90,IF(T34="A",80,IF(T34="B+",70,IF(T34="B",60,IF(T34="C",55,IF(T34="P",50)))))))) -> 50
A35: 25 | B35: =+B34+1 -> 5191421025 | C35: 1 | D35: 1 | E35: 2 | G35: 2 | H35: 4 | I35: 7 | J35: 2 | K35: 2 | M35: 1 | N35: 1 | O35: 2 | Q35: 3 | R35: 3 | T35: A+ | U35: =IF(T35="F",0,IF(T35="O",100,IF(T35="A+",90,IF(T35="A",80,IF(T35="B+",70,IF(T35="B",60,IF(T35="C",55,IF(T35="P",50)))))))) -> 90
A36: 26 | B36: =+B35+1 -> 5191421026 | C36: 1 | D36: 1 | E36: 2 | F36: 2 | G36: 0 | H36: 6 | J36: 8 | K36: 2 | L36: 1 | M36: 2 | N36: 1 | O36: 1 | Q36: 3 | R36: 0 | T36: B+ | U36: =IF(T36="F",0,IF(T36="O",100,IF(T36="A+",90,IF(T36="A",80,IF(T36="B+",70,IF(T36="B",60,IF(T36="C",55,IF(T36="P",50)))))))) -> 70
A37: 27 | B37: =+B36+1 -> 5191421027 | C37: 2 | D37: 2 | E37: 2 | F37: 0 | G37: 2 | H37: 7 | J37: 7 | K37: 2 | L37: 2 | M37: 2 | N37: 1 | O37: 1 | Q37: 4 | R37: 3 | T37: B | U37: =IF(T37="F",0,IF(T37="O",100,IF(T37="A+",90,IF(T37="A",80,IF(T37="B+",70,IF(T37="B",60,IF(T37="C",55,IF(T37="P",50)))))))) -> 60
A38: 28 | B38: =+B37+1 -> 5191421028 | C38: 2 | D38: 2 | E38: 2 | G38: 2 | H38: 4 | J38: 8 | K38: 2 | L38: 1 | M38: 2 | N38: 1 | O38: 2 | Q38: 5 | R38: 4 | T38: A | U38: =IF(T38="F",0,IF(T38="O",100,IF(T38="A+",90,IF(T38="A",80,IF(T38="B+",70,IF(T38="B",60,IF(T38="C",55,IF(T38="P",50)))))))) -> 80
A39: 29 | B39: =+B38+1 -> 5191421029 | C39: 2 | D39: 2 | E39: 2 | F39: 0 | G39: 2 | H39: 7 | J39: 3 | K39: 2 | M39: 2 | O39: 1 | P39: 1 | Q39: 2 | T39: B | U39: =IF(T39="F",0,IF(T39="O",100,IF(T39="A+",90,IF(T39="A",80,IF(T39="B+",70,IF(T39="B",60,IF(T39="C",55,IF(T39="P",50)))))))) -> 60
A40: 30 | B40: =+B39+1 -> 5191421030 | C40: 2 | D40: 2 | E40: 1 | F40: 0 | G40: 2 | H40: 4 | J40: 3 | K40: 2 | L40: 1 | M40: 2 | N40: 2 | O40: 2 | P40: 4 | Q40: 3 | T40: F | U40: =IF(T40="F",0,IF(T40="O",100,IF(T40="A+",90,IF(T40="A",80,IF(T40="B+",70,IF(T40="B",60,IF(T40="C",55,IF(T40="P",50)))))))) -> 0
A41: 31 | B41: =+B40+1 -> 5191421031 | C41: 1 | D41: 2 | E41: 2 | F41: 0 | G41: 2 | H41: 4 | J41: 5 | T41: C | U41: =IF(T41="F",0,IF(T41="O",100,IF(T41="A+",90,IF(T41="A",80,IF(T41="B+",70,IF(T41="B",60,IF(T41="C",55,IF(T41="P",50)))))))) -> 55
A42: 32 | B42: =+B41+1 -> 5191421032 | D42: 2 | E42: 2 | F42: 0 | G42: 2 | H42: 3 | K42: 2 | L42: 1 | M42: 2 | N42: 1 | O42: 2 | P42: 2 | Q42: 3 | T42: F | U42: =IF(T42="F",0,IF(T42="O",100,IF(T42="A+",90,IF(T42="A",80,IF(T42="B+",70,IF(T42="B",60,IF(T42="C",55,IF(T42="P",50)))))))) -> 0
A43: 33 | B43: =+B42+1 -> 5191421033 | D43: 2 | E43: 2 | G43: 2 | H43: 6 | J43: 4 | K43: 2 | M43: 2 | N43: 1 | O43: 2 | Q43: 4 | T43: B+ | U43: =IF(T43="F",0,IF(T43="O",100,IF(T43="A+",90,IF(T43="A",80,IF(T43="B+",70,IF(T43="B",60,IF(T43="C",55,IF(T43="P",50)))))))) -> 70
A44: 34 | B44: =+B43+1 -> 5191421034 | C44: 2 | D44: 2 | E44: 1 | F44: 0 | G44: 2 | H44: 4 | J44: 4 | K44: 2 | M44: 2 | N44: 1 | O44: 2 | Q44: 8 | R44: 4 | T44: B+ | U44: =IF(T44="F",0,IF(T44="O",100,IF(T44="A+",90,IF(T44="A",80,IF(T44="B+",70,IF(T44="B",60,IF(T44="C",55,IF(T44="P",50)))))))) -> 70
A45: 35 | B45: =+B44+1 -> 5191421035 | C45: 1 | D45: 2 | E45: 2 | G45: 1 | H45: 7 | J45: 8 | K45: 2 | M45: 2 | N45: 1 | O45: 1 | Q45: 4 | R45: 1 | T45: B | U45: =IF(T45="F",0,IF(T45="O",100,IF(T45="A+",90,IF(T45="A",80,IF(T45="B+",70,IF(T45="B",60,IF(T45="C",55,IF(T45="P",50)))))))) -> 60
A46: 36 | B46: =+B45+1 -> 5191421036 | C46: 2 | D46: 2 | E46: 1 | G46: 1 | H46: 7 | J46: 6 | K46: 2 | M46: 2 | N46: 1 | O46: 1 | Q46: 1 | R46: 1 | T46: B+ | U46: =IF(T46="F",0,IF(T46="O",100,IF(T46="A+",90,IF(T46="A",80,IF(T46="B+",70,IF(T46="B",60,IF(T46="C",55,IF(T46="P",50)))))))) -> 70
A47: 37 | B47: =+B46+1 -> 5191421037 | C47: 1 | D47: 2 | E47: 2 | G47: 2 | H47: 4 | J47: 3 | K47: 2 | L47: 2 | M47: 2 | N47: 1 | O47: 0 | Q47: 2 | R47: 0 | T47: F | U47: =IF(T47="F",0,IF(T47="O",100,IF(T47="A+",90,IF(T47="A",80,IF(T47="B+",70,IF(T47="B",60,IF(T47="C",55,IF(T47="P",50)))))))) -> 0
A48: 38 | B48: =+B47+1 -> 5191421038 | C48: 0 | D48: 1 | E48: 1 | I48: 6 | J48: 6 | K48: 2 | L48: 1 | M48: 2 | N48: 1 | O48: 2 | Q48: 2 | R48: 2 | T48: P | U48: =IF(T48="F",0,IF(T48="O",100,IF(T48="A+",90,IF(T48="A",80,IF(T48="B+",70,IF(T48="B",60,IF(T48="C",55,IF(T48="P",50)))))))) -> 50
A49: 39 | B49: =+B48+1 -> 5191421039 | D49: 2 | E49: 1 | G49: 2 | H49: 5 | K49: 2 | L49: 1 | M49: 2 | N49: 1 | O49: 2 | P49: 4 | Q49: 3 | T49: A | U49: =IF(T49="F",0,IF(T49="O",100,IF(T49="A+",90,IF(T49="A",80,IF(T49="B+",70,IF(T49="B",60,IF(T49="C",55,IF(T49="P",50)))))))) -> 80
A50: 40 | B50: =+B49+1 -> 5191421040 | C50: 1 | D50: 2 | E50: 2 | F50: 0 | G50: 2 | H50: 2 | J50: 6 | K50: 2 | M50: 2 | O50: 2 | P50: 4 | Q50: 3 | T50: B+ | U50: =IF(T50="F",0,IF(T50="O",100,IF(T50="A+",90,IF(T50="A",80,IF(T50="B+",70,IF(T50="B",60,IF(T50="C",55,IF(T50="P",50)))))))) -> 70
A51: 41 | B51: =+B50+1 -> 5191421041 | D51: 1 | E51: 2 | G51: 1 | H51: 6 | J51: 3 | K51: 2 | L51: 1 | M51: 2 | N51: 1 | O51: 1 | P51: 2 | Q51: 7 | T51: A | U51: =IF(T51="F",0,IF(T51="O",100,IF(T51="A+",90,IF(T51="A",80,IF(T51="B+",70,IF(T51="B",60,IF(T51="C",55,IF(T51="P",50)))))))) -> 80
A52: 42 | B52: =+B51+1 -> 5191421042 | C52: 1 | D52: 1 | E52: 2 | G52: 1 | H52: 8 | J52: 6 | K52: 2 | L52: 1 | M52: 2 | N52: 2 | O52: 2 | Q52: 7 | T52: F | U52: =IF(T52="F",0,IF(T52="O",100,IF(T52="A+",90,IF(T52="A",80,IF(T52="B+",70,IF(T52="B",60,IF(T52="C",55,IF(T52="P",50)))))))) -> 0
A53: 43 | B53: =+B52+1 -> 5191421043 | C53: 1 | D53: 2 | E53: 2 | F53: 1 | G53: 2 | H53: 4 | J53: 3 | K53: 2 | L53: 1 | M53: 2 | N53: 1 | O53: 2 | Q53: 9 | T53: B+ | U53: =IF(T53="F",0,IF(T53="O",100,IF(T53="A+",90,IF(T53="A",80,IF(T53="B+",70,IF(T53="B",60,IF(T53="C",55,IF(T53="P",50)))))))) -> 70
A54: 44 | B54: =+B53+1 -> 5191421044 | C54: 1 | D54: 2 | E54: 2 | F54: 0 | G54: 2 | H54: 8 | J54: 4 | K54: 2 | L54: 2 | M54: 1 | N54: 1 | O54: 2 | Q54: 8 | R54: 5 | T54: A | U54: =IF(T54="F",0,IF(T54="O",100,IF(T54="A+",90,IF(T54="A",80,IF(T54="B+",70,IF(T54="B",60,IF(T54="C",55,IF(T54="P",50)))))))) -> 80
A55: 45 | B55: =+B54+1 -> 5191421045 | C55: 1 | D55: 2 | E55: 2 | F55: 0 | G55: 2 | H55: 8 | J55: 7 | K55: 2 | M55: 2 | N55: 1 | O55: 1 | P55: 5 | Q55: 4 | T55: B | U55: =IF(T55="F",0,IF(T55="O",100,IF(T55="A+",90,IF(T55="A",80,IF(T55="B+",70,IF(T55="B",60,IF(T55="C",55,IF(T55="P",50)))))))) -> 60
A56: 46 | B56: =+B55+1 -> 5191421046 | C56: 1 | D56: 2 | E56: 2 | F56: 1 | G56: 2 | H56: 8 | I56: 4 | K56: 2 | L56: 1 | M56: 2 | N56: 1 | O56: 1 | P56: 0 | Q56: 4 | R56: 4 | T56: A | U56: =IF(T56="F",0,IF(T56="O",100,IF(T56="A+",90,IF(T56="A",80,IF(T56="B+",70,IF(T56="B",60,IF(T56="C",55,IF(T56="P",50)))))))) -> 80
A57: 47 | B57: =+B56+1 -> 5191421047 | C57: 1 | D57: 2 | E57: 2 | G57: 2 | H57: 8 | J57: 6 | K57: 2 | L57: 2 | M57: 2 | N57: 2 | O57: 2 | P57: 2 | R57: 7 | T57: F | U57: =IF(T57="F",0,IF(T57="O",100,IF(T57="A+",90,IF(T57="A",80,IF(T57="B+",70,IF(T57="B",60,IF(T57="C",55,IF(T57="P",50)))))))) -> 0
A58: 48 | B58: =+B57+1 -> 5191421048 | D58: 2 | E58: 2 | F58: 0 | G58: 2 | H58: 4 | J58: 2 | K58: 2 | L58: 2 | M58: 2 | N58: 2 | O58: 2 | Q58: 3 | R58: 7 | T58: B+ | U58: =IF(T58="F",0,IF(T58="O",100,IF(T58="A+",90,IF(T58="A",80,IF(T58="B+",70,IF(T58="B",60,IF(T58="C",55,IF(T58="P",50)))))))) -> 70
A59: 49 | B59: =+B58+1 -> 5191421049 | C59: 1 | D59: 2 | E59: 2 | G59: 2 | H59: 7 | J59: 7 | K59: 2 | L59: 2 | M59: 2 | N59: 2 | O59: 2 | P59: 4 | Q59: 3 | T59: P | U59: =IF(T59="F",0,IF(T59="O",100,IF(T59="A+",90,IF(T59="A",80,IF(T59="B+",70,IF(T59="B",60,IF(T59="C",55,IF(T59="P",50)))))))) -> 50
B60: Count | C60: =COUNT(C11:C59) -> 44 | D60: =COUNT(D11:D59) -> 48 | E60: =COUNT(E11:E59) -> 46 | F60: =COUNT(F11:F59) -> 28 | G60: =COUNT(G11:G59) -> 47 | H60: =COUNT(H11:H59) -> 46 | I60: =COUNT(I11:I59) -> 12 | J60: =COUNT(J11:J59) -> 40 | ... R60: =COUNT(R11:R59) -> 22
A61: Benchmark %ge | B61: 55 | C61: =C10*(B61/100) -> 1.1 | D61: =D10*(B61/100) -> 1.1 | E61: =E10*(B61/100) -> 1.1 | F61: =F10*(B61/100) -> 1.1 | G61: =G10*(B61/100) -> 1.1 | H61: =H10*(B61/100) -> 5.5 | I61: =I10*(B61/100) -> 5.5 | J61: =J10*(B61/100) -> 5.5 | K61: =K10*(B61/100) -> 1.1 | L61: =L10*(B61/100) -> 1.1 | M61: =M10*(B61/100) -> 1.1 | N61: =N10*(B61/100) -> 1.1 | O61: =O10*(B61/100) -> 1.1 | P61: =P10*(B61/100) -> 5.5 | Q61: =Q10*(B61/100) -> 5.5 | R61: =R10*(B61/100) -> 5.5 | U61: =COUNTIF(U11:U59,">="&B61) -> 36
A62: number of students scoring more than 50% of marks | C62: =COUNTIF(C11:C59,">=1") -> 41 | D62: =COUNTIF(D11:D59,">=1") -> 47 | E62: =COUNTIF(E11:E59,">=1") -> 45 | F62: =COUNTIF(F11:F59,">=1") -> 6 | G62: =COUNTIF(G11:G59,">=1") -> 46 | H62: =COUNTIF(H11:H59,">=5") -> 25 | I62: =COUNTIF(I11:I59,">=5") -> 6 | J62: =COUNTIF(J11:J59,">=5") -> 19 | K62: =COUNTIF(K11:K59,">=1") -> 48 | L62: =COUNTIF(L11:L59,">=1") -> 35 | M62: =COUNTIF(M11:M59,">=1") -> 48 | N62: =COUNTIF(N11:N59,">=1") -> 45 | O62: =COUNTIF(O11:O59,">=1") -> 47 | P62: =COUNTIF(P11:P59,">=5") -> 1 | Q62: =COUNTIF(Q11:Q59,">=5") -> 15 | R62: =COUNTIF(R11:R59,">=5") -> 6 | U62: =(U61/COUNT(B10:B59))*100 -> 73.469388
A63: %ge of students scoring more than the specified mark | C63: =C62/C60 -> 0.93181818 | D63: =D62/D60 -> 0.97916667 | E63: =E62/E60 -> 0.97826087 | F63: =F62/F60 -> 0.21428571 | G63: =G62/G60 -> 0.9787234 | H63: =H62/H60 -> 0.54347826 | I63: =I62/I60 -> 0.5 | J63: =J62/J60 -> 0.475 | ... R63: =R62/R60 -> 0.27272727
C64: SUM | D64: COUNT | E64: AVG | F64: INTER | G64: EXTER | H64: CO Attainment
B65: CO1 | C65: =SUM(IF(C9=1,C63,0),IF(D9=1,D63,0),IF(E9=1,E63,0),IF(F9=1,F63,0),IF(G9=1,G63,0),IF(H9=1,H63,0),IF(I9=1,I63,0),IF(J9=1,J63,0),IF(K9=1,K63,0),IF(L9=1,L63,0),IF(M9=1,M63,0),IF(N9=1,N63,0)*IF(O9=1,O63,0),IF(P9=1,P63,0),IF(Q9=1,Q63,0),IF(R9=1,R63,0))*100 -> 463.55281 | D65: =COUNTIF(C9:R9,"=1") -> 7 | E65: =C65/D65 -> 66.22183 | F65: =IF(E65>=70,3,IF(AND(E65>=60,E65<70),2,IF(AND(E65>=50,E65<60),1))) -> 2 | G65: =IF(U62>=70,3,IF(AND(U62>=60,U62<70),2,IF(AND(U62>=50,U62<60),1))) -> 3 | H65: =(70/100)*G65+(30/100)*F65 -> 2.7
B66: CO2 | C66: =SUM(IF(C9=2,C63,0),IF(D9=2,D63,0),IF(E9=2,E63,0),IF(F9=2,F63,0),IF(G9=2,G63,0),IF(H9=2,H63,0),IF(I9=2,I63,0),IF(J9=2,J63,0),IF(K9=2,K63,0),IF(L9=2,L63,0),IF(M9=2,M63,0),IF(N9=2,N63,0),IF(O9=2,O63,0),IF(P9=2,P63,0),IF(Q9=2,Q63,0),IF(R9=2,R63,0))*100 -> 247.59058 | D66: =COUNTIF(C9:R9,"=2") -> 4 | E66: =C66/D66 -> 61.897645 | F66: =IF(E66>=70,3,IF(AND(E66>=60,E66<70),2,IF(AND(E66>=50,E66<60),1))) -> 2 | G66: =IF(U62>=70,3,IF(AND(U62>=60,U62<70),2,IF(AND(U62>=50,U62<60),1))) -> 3 | H66: =(70/100)*G66+(30/100)*F66 -> 2.7
B67: CO3 | C67: =SUM(IF(C9=3,C63,0),IF(D9=3,D63,0),IF(E9=3,E63,0),IF(F9=3,F63,0),IF(G9=3,G63,0),IF(H9=3,H63,0),IF(I9=3,I63,0),IF(J9="3",J63,0),IF(K9=3,K63,0),IF(L9=3,L63,0),IF(M9=3,M63,0),IF(N9="3",N63,0),IF(O9=3,O63,0),IF(P9=3,P63,0),IF(Q9=3,Q63,0),IF(R9=3,R63,0))*100 -> 181.96325 | D67: =COUNTIF(C9:R9,"=3") -> 3 | E67: =C67/D67 -> 60.654417 | F67: =IF(E67>=70,3,IF(AND(E67>=60,E67<70),2,IF(AND(E67>=50,E67<60),1))) -> 2 | G67: =IF(U62>=70,3,IF(AND(U62>=60,U62<70),2,IF(AND(U62>=50,U62<60),1))) -> 3 | H67: =(70/100)*G67+(30/100)*F67 -> 2.7
B68: CO4 | C68: =SUM(IF(C9=4,C63,0),IF(D9=4,D63,0),IF(E9=4,E63,0),IF(F9=4,F63,0),IF(G9=4,G63,0),IF(H9=4,H63,0),IF(I9=4,I63,0),IF(J9=4,J63,0),IF(K9=4,K63,0),IF(L9=4,L63,0),IF(M9=4,M63,0),IF(N9=4,N63,0),IF(O9=4,O63,0),IF(P9=4,P63,0),IF(Q9=4,Q63,0),IF(R9=4,R63,0))*100 -> 125.09881 | D68: =COUNTIF(C9:R9,"=4") -> 2 | E68: =C68/D68 -> 62.549407 | F68: =IF(E68>=70,3,IF(AND(E68>=60,E68<70),2,IF(AND(E68>=50,E68<60),1))) -> 2 | G68: =IF(U62>=70,3,IF(AND(U62>=60,U62<70),2,IF(AND(U62>=50,U62<60),1))) -> 3 | H68: =(70/100)*G68+(30/100)*F68 -> 2.7
B69: CO Average attainment for the subject | H69: =AVERAGE(H65:H68) -> 2.7
C71: 1 | D71: 2 | E71: 2 | F71: 1 | G71: 3 | H71: 1 | I71: 3 | J71: 2 | K71: 1 | L71: 1 | M71: 1 | N71: 4 | O71: 1 | P71: 2 | Q71: 3 | R71: 4
D73: Internal | E73: University | G73: CO Attainment
B74: CO1 | C74: =AVERAGE(C63,F63,H63,K63,L63,M63,O63)*100 -> 80.209925 | D74: =IF(C74>=70,3,IF(AND(C74>=60,C74<70),2,IF(AND(C74>=50,C74<60),1))) -> 3 | E74: =IF(U62>=70,3,IF(AND(U62>=60,U62<70),2,IF(AND(U62>=50,U62<60),1))) -> 3 | G74: =(70/100)*E74+(30/100)*D74 -> 3
B75: CO2 | C75: =AVERAGE(D63,E63,J63,P63)*100 -> 61.897645 | D75: =IF(C75>=70,3,IF(AND(C75>=60,C75<70),2,IF(AND(C75>=50,C75<60),1))) -> 2 | E75: =IF(U62>=70,3,IF(AND(U62>=60,U62<70),2,IF(AND(U62>=50,U62<60),1))) -> 3 | G75: =(70/100)*E75+(30/100)*D75 -> 2.7
B76: CO3 | C76: =AVERAGE(G63,I63,Q63)*100 -> 60.654417 | D76: =IF(C76>=70,3,IF(AND(C76>=60,C76<70),2,IF(AND(C76>=50,C76<60),1))) -> 2 | E76: =IF(U62>=70,3,IF(AND(U62>=60,U62<70),2,IF(AND(U62>=50,U62<60),1))) -> 3 | G76: =(70/100)*E76+(30/100)*D76 -> 2.7
B77: CO4 | C77: =AVERAGE(N63,R63)*100 -> 62.549407 | D77: =IF(C77>=70,3,IF(AND(C77>=60,C77<70),2,IF(AND(C77>=50,C77<60),1))) -> 2 | E77: =IF(U62>=70,3,IF(AND(U62>=60,U62<70),2,IF(AND(U62>=50,U62<60),1))) -> 3 | G77: =(70/100)*E77+(30/100)*D77 -> 2.7
B78: CO Average attainment for the subject | G78: =AVERAGE(G74:G77) -> 2.775
B80: PO1 | C80: PO2 | D80: PO3 | E80: PO4 | F80: PO5 | G80: PO6 | H80: PO7 | I80: PO8 | J80: PO9 | K80: PO10 | L80: PO11 | M80: PO12 | N80: PSO1 | O80: PSO2 | P80: PSO3
A81: CO 1 | B81: 3 | F81: 2 | G81: 2 | K81: 3 | M81: 3 | N81: 2 | O81: 2 | P81: 1
A82: CO 2 | B82: 3 | D82: 3 | F82: 2 | G82: 2 | K82: 2 | M82: 2 | N82: 2 | O82: 2 | P82: 1
A83: CO 3 | B83: 2 | D83: 3 | F83: 2 | G83: 2 | K83: 2 | M83: 2 | N83: 3 | O83: 3 | P83: 3
A84: CO 4 | B84: 2 | D84: 2 | F84: 2 | G84: 2 | K84: 2 | M84: 2 | N84: 3 | O84: 3 | P84: 3
A85: MAP | B85: =AVERAGE(B81:B84) -> 2.5 | D85: =AVERAGE(D81:D84) -> 2.6666667 | F85: =AVERAGE(F81:F84) -> 2 | G85: =AVERAGE(G81:G84) -> 2 | K85: =AVERAGE(K81:K84) -> 2.25 | M85: =AVERAGE(M81:M84) -> 2.25 | N85: =AVERAGE(N81:N84) -> 2.5 | O85: =AVERAGE(O81:O84) -> 2.5 | P85: =AVERAGE(P81:P84) -> 2
A87: CO 1 | B87: =B81*G74/3 -> 3 | D87: =D81*G74/3 -> 0 | F87: =F81*G74/3 -> 2 | G87: =G81*G74/3 -> 2 | K87: =K81*G74/3 -> 3 | M87: =M81*G74/3 -> 3 | N87: =N81*G74/3 -> 2 | O87: =O81*G74/3 -> 2 | P87: =P81*G74/3 -> 1
A88: CO 2 | B88: =B82*G75/3 -> 2.7 | D88: =D82*G75/3 -> 2.7 | F88: =F82*G75/3 -> 1.8 | G88: =G82*G75/3 -> 1.8 | K88: =IF(K82=" "," ",(K82/3)*$H66) -> 1.8 | M88: =M82*G75/3 -> 1.8 | N88: =N82*G75/3 -> 1.8 | O88: =O82*G75/3 -> 1.8 | P88: =P82*G75/3 -> 0.9
A89: CO 3 | B89: =B83*G76/3 -> 1.8 | D89: =D83*G76/3 -> 2.7 | F89: =F83*G76/3 -> 1.8 | G89: =G83*G76/3 -> 1.8 | K89: =IF(K83=" "," ",(K83/3)*$H67) -> 1.8 | M89: =M83*G76/3 -> 1.8 | N89: =N83*G76/3 -> 2.7 | O89: =O83*G76/3 -> 2.7 | P89: =P83*G76/3 -> 2.7
A90: CO 4 | B90: =B84*G77/3 -> 1.8 | D90: =D84*G77/3 -> 1.8 | F90: =F84*G77/3 -> 1.8 | G90: =G84*G77/3 -> 1.8 | K90: =IF(K84=" "," ",(K84/3)*$H68) -> 1.8 | M90: =M84*G77/3 -> 1.8 | N90: =N84*G77/3 -> 2.7 | O90: =O84*G77/3 -> 2.7 | P90: =P84*G77/3 -> 2.7
A91: ATT | B91: =AVERAGE(B87:B90) -> 2.325 | D91: =AVERAGE(D87:D90) -> 1.8 | F91: =AVERAGE(F87:F90) -> 1.85 | G91: =AVERAGE(G87:G90) -> 1.85 | K91: =AVERAGE(K87:K90) -> 2.1 | M91: =AVERAGE(M87:M90) -> 2.1 | N91: =AVERAGE(N87:N90) -> 2.3 | O91: =AVERAGE(O87:O90) -> 2.3 | P91: =AVERAGE(P87:P90) -> 1.825
D96: Signature of Faculty | L96: Signature of HOD

Sheet PHYLAB
A2: Subject: | C2: Physics Lab | D2: AY: | E2: 2019-20
A3: Faculty: | C3: Dr.D. S K/ N V S K | D3: Batch: | E3: 2019-23
B4: Year and Semester: | C4: I Yr I Semester | D4: Branch: | E4: ECE
B5: Register Number | C5: Mid Marks | D5: University Grade | E5: Marks Obtained
B7: Matching CO | C7: All CO'S | D7: All CO'S
A8: Sl.No. | B8: Maximum Marks | C8: 50 | D8: 100
A9: 1 | B9: 5191421001 | C9: 41 | D9: A | E9: =IF(D9="O",100,IF(D9="A+",90,IF(D9="A",80,IF(D9="B+",70,IF(D9="B",60,IF(D9="C",55,IF(D9="P",50,IF(D9="F",39)))))))) -> 80
A10: 2 | B10: =+B9+1 -> 5191421002 | C10: 45 | D10: A+ | E10: =IF(D10="O",100,IF(D10="A+",90,IF(D10="A",80,IF(D10="B+",70,IF(D10="B",60,IF(D10="C",55,IF(D10="P",50,IF(D10="F",39)))))))) -> 90
A11: 3 | B11: =+B10+1 -> 5191421003 | C11: 48.5 | D11: O | E11: =IF(D11="O",100,IF(D11="A+",90,IF(D11="A",80,IF(D11="B+",70,IF(D11="B",60,IF(D11="C",55,IF(D11="P",50,IF(D11="F",39)))))))) -> 100
A12: 4 | B12: =+B11+1 -> 5191421004 | C12: 34 | D12: A | E12: =IF(D12="O",100,IF(D12="A+",90,IF(D12="A",80,IF(D12="B+",70,IF(D12="B",60,IF(D12="C",55,IF(D12="P",50,IF(D12="F",39)))))))) -> 80
A13: 5 | B13: =+B12+1 -> 5191421005 | C13: 45 | D13: A+ | E13: =IF(D13="O",100,IF(D13="A+",90,IF(D13="A",80,IF(D13="B+",70,IF(D13="B",60,IF(D13="C",55,IF(D13="P",50,IF(D13="F",39)))))))) -> 90
A14: 6 | B14: =+B13+1 -> 5191421006 | C14: 47 | D14: O | E14: =IF(D14="O",100,IF(D14="A+",90,IF(D14="A",80,IF(D14="B+",70,IF(D14="B",60,IF(D14="C",55,IF(D14="P",50,IF(D14="F",39)))))))) -> 100
A15: 7 | B15: =+B14+1 -> 5191421007 | C15: 40.5 | D15: A+ | E15: =IF(D15="O",100,IF(D15="A+",90,IF(D15="A",80,IF(D15="B+",70,IF(D15="B",60,IF(D15="C",55,IF(D15="P",50,IF(D15="F",39)))))))) -> 90
A16: 8 | B16: =+B15+1 -> 5191421008 | C16: 44 | D16: A+ | E16: =IF(D16="O",100,IF(D16="A+",90,IF(D16="A",80,IF(D16="B+",70,IF(D16="B",60,IF(D16="C",55,IF(D16="P",50,IF(D16="F",39)))))))) -> 90
A17: 9 | B17: =+B16+1 -> 5191421009 | C17: 47.5 | D17: O | E17: =IF(D17="O",100,IF(D17="A+",90,IF(D17="A",80,IF(D17="B+",70,IF(D17="B",60,IF(D17="C",55,IF(D17="P",50,IF(D17="F",39)))))))) -> 100
A18: 10 | B18: =+B17+1 -> 5191421010 | C18: 45 | D18: A+ | E18: =IF(D18="O",100,IF(D18="A+",90,IF(D18="A",80,IF(D18="B+",70,IF(D18="B",60,IF(D18="C",55,IF(D18="P",50,IF(D18="F",39)))))))) -> 90
A19: 11 | B19: =+B18+1 -> 5191421011 | C19: 46.5 | D19: O | E19: =IF(D19="O",100,IF(D19="A+",90,IF(D19="A",80,IF(D19="B+",70,IF(D19="B",60,IF(D19="C",55,IF(D19="P",50,IF(D19="F",39)))))))) -> 100
A20: 12 | B20: =+B19+1 -> 5191421012 | C20: 40.5 | D20: A | E20: =IF(D20="O",100,IF(D20="A+",90,IF(D20="A",80,IF(D20="B+",70,IF(D20="B",60,IF(D20="C",55,IF(D20="P",50,IF(D20="F",39)))))))) -> 80
A21: 13 | B21: =+B20+1 -> 5191421013 | C21: 45.5 | D21: O | E21: =IF(D21="O",100,IF(D21="A+",90,IF(D21="A",80,IF(D21="B+",70,IF(D21="B",60,IF(D21="C",55,IF(D21="P",50,IF(D21="F",39)))))))) -> 100
... A57: 49 | B57: =+B56+1 -> 5191421049 | C57: 35 | D57: A | E57: =IF(D57="O",100,IF(D57="A+",90,IF(D57="A",80,IF(D57="B+",70,IF(D57="B",60,IF(D57="C",55,IF(D57="P",50,IF(D57="F",39)))))))) -> 80
A58: Benchmark %ge | C58: =COUNT(C9:C57) -> 49
B59: 65 | C59: =C8*(B59/100) -> 32.5
A60: number of students scoring more than 50% of marks | C60: =COUNTIF(C9:C57,">=" &C59) -> 48 | E60: =COUNTIF(E9:E57,">="&B59) -> 49
A61: %ge of students scoring more than the specified mark | C61: =C60/C58 -> 0.97959184 | E61: =(E60/A57)*100 -> 100
C63: CO1 | D63: =AVERAGE(C61)*100 -> 97.959184 | E63: =IF(D63>=70,3,IF(AND(D63>=60,D63<70),2,IF(AND(D63>=50,D63<60),1))) -> 3 | F63: =IF(E61>=70,3,IF(AND(E61>=60,E61<70),2,IF(AND(E61>=50,E61<60),1))) -> 3 | G63: =(70/100)*F63+(30/100)*E63 -> 3
C64: CO Average attainment for the subject | G64: =AVERAGE(G63) -> 3
B69: CO - PO & PSO MAPPING :
C71: SUBJECT-ENG | D71: PO1 | E71: P02 | F71: PO3 | G71: PO4 | H71: PO5 | I71: P06 | J71: PO7 | K71: PO8 | L71: PO9 | M71: PO10 | N71: PO11 | O71: PO12
C72: CO1 | D72: 3 | E72: 3 | F72: 1 | G72: 3 | H72: 1 | I72: 3 | J72: 2 | K72: 3 | L72: 3 | M72: 3 | N72: 2 | O72: 3
C73: Avg. | D73: =AVERAGE(D72:D72) -> 3 | E73: =AVERAGE(E72:E72) -> 3 | F73: =AVERAGE(F72:F72) -> 1 | G73: =AVERAGE(G72:G72) -> 3 | H73: =AVERAGE(H72:H72) -> 1 | I73: =AVERAGE(I72:I72) -> 3 | J73: =AVERAGE(J72:J72) -> 2 | K73: =AVERAGE(K72:K72) -> 3 | ... O73: =AVERAGE(O72:O72) -> 3
C74: Total Avg. | D74: =AVERAGE(D73:O73) -> 2.5
B76: CO-PO & PSO ATTAINMENT:
C78: CO - PO | D78: PO 1 | E78: PO 2 | F78: PO 3 | G78: PO 4 | H78: PO 5 | I78: PO 6 | J78: PO 7 | K78: PO 8 | L78: PO 9 | M78: PO 10 | N78: PO 11 | O78: PO 12
C79: CO 1 | D79: =ROUND((D72/3)*$G$63,0) -> 3 | E79: =ROUND((E72/3)*$G$63,0) -> 3 | F79: =ROUND((F72/3)*$G$63,0) -> 1 | G79: =ROUND((G72/3)*$G$63,0) -> 3 | H79: =ROUND((H72/3)*$G$63,0) -> 1 | I79: =ROUND((I72/3)*$G$63,0) -> 3 | J79: =ROUND((J72/3)*$G$63,0) -> 2 | K79: =ROUND((K72/3)*$G$63,0) -> 3 | ... O79: =ROUND((O72/3)*$G$63,0) -> 3
C80: Average | D80: =ROUND(AVERAGE(D79:D79),2) -> 3 | E80: =ROUND(AVERAGE(E79:E79),2) -> 3 | F80: =ROUND(AVERAGE(F79:F79),2) -> 1 | G80: =ROUND(AVERAGE(G79:G79),2) -> 3 | H80: =ROUND(AVERAGE(H79:H79),2) -> 1 | I80: =ROUND(AVERAGE(I79:I79),2) -> 3 | J80: =ROUND(AVERAGE(J79:J79),2) -> 2 | K80: =ROUND(AVERAGE(K79:K79),2) -> 3 | ... O80: =ROUND(AVERAGE(O79:O79),2) -> 3
C81: Overall Average | D81: =AVERAGE(D80:O80) -> 2.5
B84: CO - PSO MAPPING : | H84: CO - PSO ATTAINMENT :
C86: CO - PSO | D86: PSO1 | E86: PSO2 | F86: PSO3 | H86: CO - PSO | I86: PSO 1 | J86: PSO 2 | K86: PSO 3
C87: CO1 | D87: 3 | E87: 3 | F87: 2 | H87: CO 1 | I87: =$G$64*D87/3 -> 3 | J87: =$G$64*E87/3 -> 3 | K87: =$G$64*F87/3 -> 2

Sheet WSLAB
A2: Subject: | C2: Workshop | D2: AY: | E2: 2019-20
A3: Faculty: | C3: NSP | D3: Batch: | E3: 2019-23
B4: Year and Semester: | C4: I Yr I Semester | D4: Branch: | E4: ECE
B5: Register Number | C5: Mid Marks | D5: University Grade | E5: Marks Obtained
B7: Matching CO | C7: All CO'S | D7: All CO'S
A8: Sl.No. | B8: Maximum Marks | C8: 50 | D8: 100
A9: 1 | B9: 5191421001 | C9: 35 | D9: B+ | E9: =IF(D9="O",100,IF(D9="A+",90,IF(D9="A",80,IF(D9="B+",70,IF(D9="B",60,IF(D9="C",55,IF(D9="P",50,IF(D9="F",39)))))))) -> 70
A10: 2 | B10: =+B9+1 -> 5191421002 | C10: 44 | D10: A+ | E10: =IF(D10="O",100,IF(D10="A+",90,IF(D10="A",80,IF(D10="B+",70,IF(D10="B",60,IF(D10="C",55,IF(D10="P",50,IF(D10="F",39)))))))) -> 90
A11: 3 | B11: =+B10+1 -> 5191421003 | C11: 46 | D11: O | E11: =IF(D11="O",100,IF(D11="A+",90,IF(D11="A",80,IF(D11="B+",70,IF(D11="B",60,IF(D11="C",55,IF(D11="P",50,IF(D11="F",39)))))))) -> 100
A12: 4 | B12: =+B11+1 -> 5191421004 | C12: 34 | D12: B+ | E12: =IF(D12="O",100,IF(D12="A+",90,IF(D12="A",80,IF(D12="B+",70,IF(D12="B",60,IF(D12="C",55,IF(D12="P",50,IF(D12="F",39)))))))) -> 70
A13: 5 | B13: =+B12+1 -> 5191421005 | C13: 37 | D13: A | E13: =IF(D13="O",100,IF(D13="A+",90,IF(D13="A",80,IF(D13="B+",70,IF(D13="B",60,IF(D13="C",55,IF(D13="P",50,IF(D13="F",39)))))))) -> 80
A14: 6 | B14: =+B13+1 -> 5191421006 | C14: 46 | D14: A+ | E14: =IF(D14="O",100,IF(D14="A+",90,IF(D14="A",80,IF(D14="B+",70,IF(D14="B",60,IF(D14="C",55,IF(D14="P",50,IF(D14="F",39)))))))) -> 90
A15: 7 | B15: =+B14+1 -> 5191421007 | C15: 40 | D15: A+ | E15: =IF(D15="O",100,IF(D15="A+",90,IF(D15="A",80,IF(D15="B+",70,IF(D15="B",60,IF(D15="C",55,IF(D15="P",50,IF(D15="F",39)))))))) -> 90
A16: 8 | B16: =+B15+1 -> 5191421008 | C16: 46 | D16: O | E16: =IF(D16="O",100,IF(D16="A+",90,IF(D16="A",80,IF(D16="B+",70,IF(D16="B",60,IF(D16="C",55,IF(D16="P",50,IF(D16="F",39)))))))) -> 100
A17: 9 | B17: =+B16+1 -> 5191421009 | C17: 45 | D17: A+ | E17: =IF(D17="O",100,IF(D17="A+",90,IF(D17="A",80,IF(D17="B+",70,IF(D17="B",60,IF(D17="C",55,IF(D17="P",50,IF(D17="F",39)))))))) -> 90
A18: 10 | B18: =+B17+1 -> 5191421010 | C18: 45 | D18: A+ | E18: =IF(D18="O",100,IF(D18="A+",90,IF(D18="A",80,IF(D18="B+",70,IF(D18="B",60,IF(D18="C",55,IF(D18="P",50,IF(D18="F",39)))))))) -> 90
A19: 11 | B19: =+B18+1 -> 5191421011 | C19: 47 | D19: O | E19: =IF(D19="O",100,IF(D19="A+",90,IF(D19="A",80,IF(D19="B+",70,IF(D19="B",60,IF(D19="C",55,IF(D19="P",50,IF(D19="F",39)))))))) -> 100
A20: 12 | B20: =+B19+1 -> 5191421012 | C20: 44 | D20: A | E20: =IF(D20="O",100,IF(D20="A+",90,IF(D20="A",80,IF(D20="B+",70,IF(D20="B",60,IF(D20="C",55,IF(D20="P",50,IF(D20="F",39)))))))) -> 80
A21: 13 | B21: =+B20+1 -> 5191421013 | C21: 46 | D21: O | E21: =IF(D21="O",100,IF(D21="A+",90,IF(D21="A",80,IF(D21="B+",70,IF(D21="B",60,IF(D21="C",55,IF(D21="P",50,IF(D21="F",39)))))))) -> 100
... A57: 49 | B57: =+B56+1 -> 5191421049 | C57: 38 | D57: A | E57: =IF(D57="O",100,IF(D57="A+",90,IF(D57="A",80,IF(D57="B+",70,IF(D57="B",60,IF(D57="C",55,IF(D57="P",50,IF(D57="F",39)))))))) -> 80
A58: Benchmark %ge | C58: =COUNT(C9:C57) -> 49
B59: 65 | C59: =C8*(B59/100) -> 32.5
A60: number of students scoring more than 50% of marks | C60: =COUNTIF(C9:C57,">=" &C59) -> 48 | E60: =COUNTIF(E9:E57,">="&B59) -> 48
A61: %ge of students scoring more than the specified mark | C61: =C60/C58 -> 0.97959184 | E61: =(E60/A57)*100 -> 97.959184
E64: Internal | F64: University | H64: CO Attainment
C65: CO1 | D65: =AVERAGE(C61)*100 -> 97.959184 | E65: =IF(D65>=70,3,IF(AND(D65>=60,D65<70),2,IF(AND(D65>=50,D65<60),1))) -> 3 | F65: =IF(E61>=70,3,IF(AND(E61>=60,E61<70),2,IF(AND(E61>=50,E61<60),1))) -> 3 | H65: =(70/100)*F65+(30/100)*E65 -> 3
C66: CO Average attainment for the subject | H66: =AVERAGE(H65) -> 3
B68: CO - PO & PSO MAPPING :
C70: SUBJECT-ENG | D70: PO1 | E70: P02 | F70: PO3 | G70: PO4 | H70: PO5 | I70: P06 | J70: PO7 | K70: PO8 | L70: PO9 | M70: PO10 | N70: PO11 | O70: PO12 | P70: PSO1 | Q70: PSO2 | R70: PSO3
C71: CO1 | D71: 1 | I71: 2 | L71: 3 | M71: 2 | N71: 3 | O71: 3 | P71: 3 | Q71: 3 | R71: 2
C72: Avg. | D72: =AVERAGE(D71:D71) -> 1 | I72: =AVERAGE(I71:I71) -> 2 | L72: =AVERAGE(L71:L71) -> 3 | M72: =AVERAGE(M71:M71) -> 2 | N72: =AVERAGE(N71:N71) -> 3 | O72: =AVERAGE(O71:O71) -> 3 | P72: =AVERAGE(P71:P71) -> 3 | Q72: =AVERAGE(Q71:Q71) -> 3 | R72: =AVERAGE(R71:R71) -> 2
C73: Total Avg. | D73: =AVERAGE(D72:O72) -> 2.3333333 | P73: =ROUND(AVERAGE(P72:R72),2) -> 2.67
B75: CO-PO & PSO ATTAINMENT:
C77: CO - PO | D77: PO 1 | E77: PO 2 | F77: PO 3 | G77: PO 4 | H77: PO 5 | I77: PO 6 | J77: PO 7 | K77: PO 8 | L77: PO 9 | M77: PO 10 | N77: PO 11 | O77: PO 12 | P77: PSO 1 | Q77: PSO 2 | R77: PSO 3
C78: CO 1 | D78: =ROUND((D71/3)*$H65,0) -> 1 | I78: =ROUND((I71/3)*$H65,0) -> 2 | L78: =ROUND((L71/3)*$H65,0) -> 3 | M78: =ROUND((M71/3)*$H65,0) -> 2 | N78: =ROUND((N71/3)*$H65,0) -> 3 | O78: =ROUND((O71/3)*$H65,0) -> 3 | P78: =ROUND((P71/3)*$H65,0) -> 3 | Q78: =ROUND((Q71/3)*$H65,0) -> 3 | R78: =ROUND((R71/3)*$H65,0) -> 2
C79: Average | D79: =ROUND(AVERAGE(D78:D78),2) -> 1 | I79: =ROUND(AVERAGE(I78:I78),2) -> 2 | L79: =ROUND(AVERAGE(L78:L78),2) -> 3 | M79: =ROUND(AVERAGE(M78:M78),2) -> 2 | N79: =ROUND(AVERAGE(N78:N78),2) -> 3 | O79: =ROUND(AVERAGE(O78:O78),2) -> 3 | P79: =AVERAGE(P78:P78) -> 3 | Q79: =AVERAGE(Q78:Q78) -> 3 | R79: =AVERAGE(R78:R78) -> 2
C80: Overall Average | D80: =AVERAGE(D79:O79) -> 2.3333333 | P80: =ROUND(AVERAGE(P79:R79),2) -> 2.67

Sheet M-III1.2
A2: Subject: | C2: MATHEMATICS-III | I2: AY: | M2: 2019-20
A3: Faculty: | C3: Dr. K. V. S. Sarma | I3: Batch: | M3: 2019-2023
B4: Year and Semester: | C4: I Yr II Semester | I4: Branch: | M4: ECE
C5: I Mid | N5: II MID
B6: Register Number | C6: Question No.1 | H6: Question No 2 | J6: Question No 3 | L6: Question No 4 | N6: Question No.1 | S6: Question No 2 | T6: Question No 3 | U6: Question No 4 | W6: University Grade | X6: Marks Obtained
C7: CO1 | D7: CO1 | E7: CO2 | F7: CO1 | G7: CO1 | H7: CO1 | I7: CO1 | J7: CO2 | K7: CO2 | L7: CO2 | M7: CO2 | N7: a | O7: b | P7: c | Q7: d | R7: e | S7: a | T7: a | U7: a
B8: Matching CO | C8: 3 | D8: 3 | E8: 3 | F8: 5 | G8: 5 | H8: 3 | I8: 3 | J8: 3 | K8: 3 | L8: 5 | M8: 5 | N8: CO2 | O8: CO3 | P8: CO3 | Q8: CO1 | R8: CO2 | S8: CO2 | T8: CO3 | U8: CO1
A9: Sl.No. | B9: Maximum Marks | C9: 2 | D9: 2 | E9: 2 | F9: 2 | G9: 2 | H9: 5 | I9: 5 | J9: 5 | K9: 5 | L9: 5 | M9: 5 | N9: 2 | O9: 2 | P9: 2 | Q9: 2 | R9: 2 | S9: 10 | T9: 10 | U9: 10 | W9: 100
A10: 1 | B10: 5191421001 | C10: 1 | D10: 1 | G10: 2 | K10: 5 | L10: 1 | N10: 2 | O10: 2 | P10: 2 | Q10: 2 | R10: 2 | S10: 10 | T10: 10 | W10: A | X10: =IF(W10="O",100,IF(W10="A+",90,IF(W10="A",80,IF(W10="B+",70,IF(W10="B",60,IF(W10="C",55,IF(W10="P",50,IF(W10="F",39)))))))) -> 80
A11: 2 | B11: =+B10+1 -> 5191421002 | C11: 1 | D11: 2 | E11: 2 | G11: 2 | J11: 5 | K11: 5 | L11: 3 | N11: 2 | O11: 2 | P11: 1 | S11: 10 | T11: 10 | W11: A | X11: =IF(W11="O",100,IF(W11="A+",90,IF(W11="A",80,IF(W11="B+",70,IF(W11="B",60,IF(W11="C",55,IF(W11="P",50,IF(W11="F",39)))))))) -> 80
A12: 3 | B12: =+B11+1 -> 5191421003 | C12: 2 | D12: 2 | E12: 2 | F12: 2 | G12: 2 | J12: 5 | K12: 5 | L12: 5 | M12: 5 | N12: 2 | O12: 2 | P12: 2 | Q12: 2 | R12: 2 | S12: 10 | T12: 10 | W12: O | X12: =IF(W12="O",100,IF(W12="A+",90,IF(W12="A",80,IF(W12="B+",70,IF(W12="B",60,IF(W12="C",55,IF(W12="P",50,IF(W12="F",39)))))))) -> 100
A13: 4 | B13: =+B12+1 -> 5191421004 | C13: 1 | K13: 1 | L13: 3 | M13: 3 | N13: 2 | O13: 1 | S13: 10 | T13: 10 | W13: B | X13: =IF(W13="O",100,IF(W13="A+",90,IF(W13="A",80,IF(W13="B+",70,IF(W13="B",60,IF(W13="C",55,IF(W13="P",50,IF(W13="F",39)))))))) -> 60
A14: 5 | B14: =+B13+1 -> 5191421005 | C14: 1 | J14: 1 | K14: 4 | L14: 4 | M14: 4 | N14: 2 | O14: 2 | Q14: 1 | S14: 10 | T14: 10 | W14: B+ | X14: =IF(W14="O",100,IF(W14="A+",90,IF(W14="A",80,IF(W14="B+",70,IF(W14="B",60,IF(W14="C",55,IF(W14="P",50,IF(W14="F",39)))))))) -> 70
A15: 6 | B15: =+B14+1 -> 5191421006 | C15: 2 | D15: 2 | E15: 2 | G15: 2 | H15: 5 | I15: 2 | J15: 3 | K15: 5 | N15: 2 | O15: 2 | S15: 10 | T15: 5 | W15: A+ | X15: =IF(W15="O",100,IF(W15="A+",90,IF(W15="A",80,IF(W15="B+",70,IF(W15="B",60,IF(W15="C",55,IF(W15="P",50,IF(W15="F",39)))))))) -> 90
A16: 7 | B16: =+B15+1 -> 5191421007 | C16: 2 | D16: 2 | E16: 1 | F16: 2 | G16: 2 | H16: 5 | I16: 4 | J16: 3 | K16: 5 | N16: 2 | O16: 2 | P16: 2 | Q16: 2 | R16: 2 | S16: 10 | T16: 10 | W16: A+ | X16: =IF(W16="O",100,IF(W16="A+",90,IF(W16="A",80,IF(W16="B+",70,IF(W16="B",60,IF(W16="C",55,IF(W16="P",50,IF(W16="F",39)))))))) -> 90
A17: 8 | B17: =+B16+1 -> 5191421008 | E17: 1 | G17: 2 | K17: 1 | L17: 2 | N17: 2 | P17: 2 | S17: 10 | T17: 10 | W17: B+ | X17: =IF(W17="O",100,IF(W17="A+",90,IF(W17="A",80,IF(W17="B+",70,IF(W17="B",60,IF(W17="C",55,IF(W17="P",50,IF(W17="F",39)))))))) -> 70
A18: 9 | B18: =+B17+1 -> 5191421009 | C18: 2 | D18: 2 | E18: 2 | G18: 2 | J18: 3 | K18: 5 | N18: 2 | O18: 2 | S18: 5 | U18: 10 | W18: C | X18: =IF(W18="O",100,IF(W18="A+",90,IF(W18="A",80,IF(W18="B+",70,IF(W18="B",60,IF(W18="C",55,IF(W18="P",50,IF(W18="F",39)))))))) -> 55
A19: 10 | B19: =+B18+1 -> 5191421010 | C19: 2 | D19: 2 | E19: 2 | G19: 2 | K19: 3 | N19: 2 | P19: 1 | S19: 10 | U19: 10 | W19: B | X19: =IF(W19="O",100,IF(W19="A+",90,IF(W19="A",80,IF(W19="B+",70,IF(W19="B",60,IF(W19="C",55,IF(W19="P",50,IF(W19="F",39)))))))) -> 60
A20: 11 | B20: =+B19+1 -> 5191421011 | C20: 1 | D20: 2 | E20: 2 | G20: 2 | H20: 5 | J20: 5 | K20: 5 | N20: 2 | O20: 2 | S20: 5 | W20: A | X20: =IF(W20="O",100,IF(W20="A+",90,IF(W20="A",80,IF(W20="B+",70,IF(W20="B",60,IF(W20="C",55,IF(W20="P",50,IF(W20="F",39)))))))) -> 80
A21: 12 | B21: =+B20+1 -> 5191421012 | K21: 1 | N21: 2 | S21: 9 | T21: 10 | W21: P | X21: =IF(W21="O",100,IF(W21="A+",90,IF(W21="A",80,IF(W21="B+",70,IF(W21="B",60,IF(W21="C",55,IF(W21="P",50,IF(W21="F",39)))))))) -> 50
A22: 13 | B22: =+B21+1 -> 5191421013 | C22: 2 | D22: 2 | E22: 2 | F22: 1 | G22: 2 | J22: 2 | K22: 5 | L22: 5 | M22: 5 | N22: 2 | O22: 2 | Q22: 2 | S22: 10 | T22: 10 | W22: A+ | X22: =IF(W22="O",100,IF(W22="A+",90,IF(W22="A",80,IF(W22="B+",70,IF(W22="B",60,IF(W22="C",55,IF(W22="P",50,IF(W22="F",39)))))))) -> 90
A23: 14 | B23: =+B22+1 -> 5191421014 | C23: 1 | D23: 1 | I23: 4 | J23: 2 | K23: 3 | N23: 2 | S23: 10 | U23: 10 | W23: A | X23: =IF(W23="O",100,IF(W23="A+",90,IF(W23="A",80,IF(W23="B+",70,IF(W23="B",60,IF(W23="C",55,IF(W23="P",50,IF(W23="F",39)))))))) -> 80
A24: 15 | B24: =+B23+1 -> 5191421015 | C24: 2 | D24: 2 | E24: 2 | G24: 2 | I24: 1 | J24: 5 | K24: 5 | L24: 5 | M24: 5 | N24: 2 | O24: 2 | S24: 5 | T24: 5 | W24: B+ | X24: =IF(W24="O",100,IF(W24="A+",90,IF(W24="A",80,IF(W24="B+",70,IF(W24="B",60,IF(W24="C",55,IF(W24="P",50,IF(W24="F",39)))))))) -> 70
A25: 16 | B25: =+B24+1 -> 5191421016 | C25: 2 | D25: 2 | G25: 2 | J25: 2 | K25: 3 | L25: 3 | N25: 2 | O25: 2 | Q25: 2 | S25: 10 | U25: 10 | W25: B | X25: =IF(W25="O",100,IF(W25="A+",90,IF(W25="A",80,IF(W25="B+",70,IF(W25="B",60,IF(W25="C",55,IF(W25="P",50,IF(W25="F",39)))))))) -> 60
A26: 17 | B26: =+B25+1 -> 5191421017 | C26: 2 | D26: 2 | G26: 1 | I26: 3 | J26: 2 | K26: 2 | N26: 2 | O26: 2 | Q26: 1 | S26: 5 | T26: 5 | W26: P | X26: =IF(W26="O",100,IF(W26="A+",90,IF(W26="A",80,IF(W26="B+",70,IF(W26="B",60,IF(W26="C",55,IF(W26="P",50,IF(W26="F",39)))))))) -> 50
A27: 18 | B27: =+B26+1 -> 5191421018 | C27: 1 | D27: 1 | E27: 2 | G27: 2 | K27: 1 | N27: 2 | O27: 2 | P27: 2 | Q27: 2 | R27: 2 | S27: 10 | W27: C | X27: =IF(W27="O",100,IF(W27="A+",90,IF(W27="A",80,IF(W27="B+",70,IF(W27="B",60,IF(W27="C",55,IF(W27="P",50,IF(W27="F",39)))))))) -> 55
A28: 19 | B28: =+B27+1 -> 5191421019 | C28: 2 | D28: 2 | E28: 2 | G28: 2 | J28: 5 | K28: 5 | L28: 5 | M28: 5 | N28: 2 | O28: 2 | S28: 10 | T28: 5 | W28: A+ | X28: =IF(W28="O",100,IF(W28="A+",90,IF(W28="A",80,IF(W28="B+",70,IF(W28="B",60,IF(W28="C",55,IF(W28="P",50,IF(W28="F",39)))))))) -> 90
A29: 20 | B29: =+B28+1 -> 5191421020 | C29: 1 | D29: 2 | E29: 2 | G29: 2 | J29: 4 | K29: 5 | L29: 5 | M29: 2 | N29: 2 | O29: 2 | Q29: 2 | S29: 9 | T29: 9 | W29: A | X29: =IF(W29="O",100,IF(W29="A+",90,IF(W29="A",80,IF(W29="B+",70,IF(W29="B",60,IF(W29="C",55,IF(W29="P",50,IF(W29="F",39)))))))) -> 80
A30: 21 | B30: =+B29+1 -> 5191421021 | C30: 1 | E30: 2 | G30: 2 | H30: 2 | J30: 3 | K30: 5 | N30: 2 | O30: 2 | Q30: 2 | R30: 2 | S30: 10 | T30: 10 | W30: B+ | X30: =IF(W30="O",100,IF(W30="A+",90,IF(W30="A",80,IF(W30="B+",70,IF(W30="B",60,IF(W30="C",55,IF(W30="P",50,IF(W30="F",39)))))))) -> 70
A31: 22 | B31: =+B30+1 -> 5191421022 | C31: 1 | G31: 2 | I31: 1 | L31: 5 | N31: 2 | O31: 2 | Q31: 2 | R31: 2 | S31: 10 | T31: 10 | W31: B | X31: =IF(W31="O",100,IF(W31="A+",90,IF(W31="A",80,IF(W31="B+",70,IF(W31="B",60,IF(W31="C",55,IF(W31="P",50,IF(W31="F",39)))))))) -> 60
A32: 23 | B32: =+B31+1 -> 5191421023 | C32: 1 | E32: 1 | G32: 1 | I32: 1 | K32: 1 | L32: 1 | N32: 2 | O32: 2 | S32: 10 | T32: 10 | W32: C | X32: =IF(W32="O",100,IF(W32="A+",90,IF(W32="A",80,IF(W32="B+",70,IF(W32="B",60,IF(W32="C",55,IF(W32="P",50,IF(W32="F",39)))))))) -> 55
A33: 24 | B33: =+B32+1 -> 5191421024 | F33: 1 | N33: 2 | O33: 2 | P33: 2 | Q33: 1 | S33: 10 | T33: 10 | W33: C | X33: =IF(W33="O",100,IF(W33="A+",90,IF(W33="A",80,IF(W33="B+",70,IF(W33="B",60,IF(W33="C",55,IF(W33="P",50,IF(W33="F",39)))))))) -> 55
A34: 25 | B34: =+B33+1 -> 5191421025 | C34: 2 | D34: 2 | E34: 2 | F34: 2 | G34: 2 | J34: 5 | K34: 5 | L34: 5 | M34: 5 | N34: 2 | O34: 2 | P34: 2 | S34: 10 | T34: 10 | W34: A+ | X34: =IF(W34="O",100,IF(W34="A+",90,IF(W34="A",80,IF(W34="B+",70,IF(W34="B",60,IF(W34="C",55,IF(W34="P",50,IF(W34="F",39)))))))) -> 90
A35: 26 | B35: =+B34+1 -> 5191421026 | C35: 1 | D35: 2 | E35: 1 | G35: 2 | J35: 3 | K35: 5 | L35: 5 | M35: 5 | N35: 2 | O35: 2 | P35: 2 | Q35: 2 | S35: 10 | T35: 10 | W35: B+ | X35: =IF(W35="O",100,IF(W35="A+",90,IF(W35="A",80,IF(W35="B+",70,IF(W35="B",60,IF(W35="C",55,IF(W35="P",50,IF(W35="F",39)))))))) -> 70
A36: 27 | B36: =+B35+1 -> 5191421027 | C36: 2 | D36: 2 | E36: 1 | G36: 2 | J36: 4 | K36: 5 | L36: 5 | M36: 5 | N36: 2 | O36: 2 | P36: 2 | Q36: 2 | R36: 2 | S36: 10 | T36: 10 | W36: A | X36: =IF(W36="O",100,IF(W36="A+",90,IF(W36="A",80,IF(W36="B+",70,IF(W36="B",60,IF(W36="C",55,IF(W36="P",50,IF(W36="F",39)))))))) -> 80
A37: 28 | B37: =+B36+1 -> 5191421028 | C37: 1 | D37: 2 | E37: 2 | J37: 5 | K37: 3 | L37: 4 | N37: 2 | O37: 2 | P37: 2 | Q37: 2 | S37: 10 | T37: 10 | W37: B+ | X37: =IF(W37="O",100,IF(W37="A+",90,IF(W37="A",80,IF(W37="B+",70,IF(W37="B",60,IF(W37="C",55,IF(W37="P",50,IF(W37="F",39)))))))) -> 70
A38: 29 | B38: =+B37+1 -> 5191421029 | C38: 1 | H38: 1 | J38: 1 | K38: 1 | S38: 5 | W38: A | X38: =IF(W38="O",100,IF(W38="A+",90,IF(W38="A",80,IF(W38="B+",70,IF(W38="B",60,IF(W38="C",55,IF(W38="P",50,IF(W38="F",39)))))))) -> 80
A39: 30 | B39: =+B38+1 -> 5191421030 | N39: 2 | O39: 2 | P39: 2 | Q39: 2 | R39: 2 | S39: 10 | T39: 10 | W39: C | X39: =IF(W39="O",100,IF(W39="A+",90,IF(W39="A",80,IF(W39="B+",70,IF(W39="B",60,IF(W39="C",55,IF(W39="P",50,IF(W39="F",39)))))))) -> 55
A40: 31 | B40: =+B39+1 -> 5191421031 | C40: 2 | D40: 1 | G40: 2 | I40: 2 | L40: 2 | M40: 3 | N40: 2 | S40: 10 | T40: 5 | W40: C | X40: =IF(W40="O",100,IF(W40="A+",90,IF(W40="A",80,IF(W40="B+",70,IF(W40="B",60,IF(W40="C",55,IF(W40="P",50,IF(W40="F",39)))))))) -> 55
A41: 32 | B41: =+B40+1 -> 5191421032 | C41: 1 | D41: 2 | E41: 2 | K41: 2 | N41: 2 | O41: 1 | S41: 10 | T41: 5 | W41: P | X41: =IF(W41="O",100,IF(W41="A+",90,IF(W41="A",80,IF(W41="B+",70,IF(W41="B",60,IF(W41="C",55,IF(W41="P",50,IF(W41="F",39)))))))) -> 50
A42: 33 | B42: =+B41+1 -> 5191421033 | C42: 2 | D42: 2 | E42: 2 | G42: 2 | J42: 5 | K42: 5 | L42: 5 | M42: 5 | N42: 2 | O42: 1 | S42: 10 | W42: B+ | X42: =IF(W42="O",100,IF(W42="A+",90,IF(W42="A",80,IF(W42="B+",70,IF(W42="B",60,IF(W42="C",55,IF(W42="P",50,IF(W42="F",39)))))))) -> 70
A43: 34 | B43: =+B42+1 -> 5191421034 | C43: 2 | D43: 2 | E43: 2 | G43: 2 | J43: 5 | K43: 5 | L43: 5 | M43: 5 | N43: 2 | O43: 2 | P43: 2 | S43: 10 | T43: 10 | W43: B+ | X43: =IF(W43="O",100,IF(W43="A+",90,IF(W43="A",80,IF(W43="B+",70,IF(W43="B",60,IF(W43="C",55,IF(W43="P",50,IF(W43="F",39)))))))) -> 70
A44: 35 | B44: =+B43+1 -> 5191421035 | K44: 2 | L44: 2 | N44: 2 | O44: 2 | P44: 2 | Q44: 2 | R44: 2 | S44: 10 | T44: 10 | W44: P | X44: =IF(W44="O",100,IF(W44="A+",90,IF(W44="A",80,IF(W44="B+",70,IF(W44="B",60,IF(W44="C",55,IF(W44="P",50,IF(W44="F",39)))))))) -> 50
A45: 36 | B45: =+B44+1 -> 5191421036 | C45: 2 | D45: 2 | E45: 2 | F45: 2 | G45: 1 | J45: 5 | K45: 5 | L45: 5 | N45: 2 | O45: 2 | P45: 2 | Q45: 1 | S45: 10 | T45: 10 | W45: A+ | X45: =IF(W45="O",100,IF(W45="A+",90,IF(W45="A",80,IF(W45="B+",70,IF(W45="B",60,IF(W45="C",55,IF(W45="P",50,IF(W45="F",39)))))))) -> 90
A46: 37 | B46: =+B45+1 -> 5191421037 | C46: 2 | D46: 1 | E46: 1 | J46: 3 | K46: 2 | N46: A | W46: F | X46: =IF(W46="O",100,IF(W46="A+",90,IF(W46="A",80,IF(W46="B+",70,IF(W46="B",60,IF(W46="C",55,IF(W46="P",50,IF(W46="F",39)))))))) -> 39
A47: 38 | B47: =+B46+1 -> 5191421038 | C47: 2 | D47: 1 | E47: 1 | K47: 2 | S47: 10 | T47: 10 | W47: P | X47: =IF(W47="O",100,IF(W47="A+",90,IF(W47="A",80,IF(W47="B+",70,IF(W47="B",60,IF(W47="C",55,IF(W47="P",50,IF(W47="F",39)))))))) -> 50
A48: 39 | B48: =+B47+1 -> 5191421039 | C48: 2 | D48: 2 | E48: 2 | G48: 2 | H48: 4 | L48: 4 | M48: 2 | N48: 2 | O48: 2 | P48: 2 | S48: 10 | T48: 10 | W48: B+ | X48: =IF(W48="O",100,IF(W48="A+",90,IF(W48="A",80,IF(W48="B+",70,IF(W48="B",60,IF(W48="C",55,IF(W48="P",50,IF(W48="F",39)))))))) -> 70
A49: 40 | B49: =+B48+1 -> 5191421040 | C49: 1 | D49: 2 | E49: 2 | G49: 2 | I49: 3 | J49: 4 | K49: 1 | N49: 2 | O49: 2 | P49: 1 | S49: 10 | U49: 10 | W49: C | X49: =IF(W49="O",100,IF(W49="A+",90,IF(W49="A",80,IF(W49="B+",70,IF(W49="B",60,IF(W49="C",55,IF(W49="P",50,IF(W49="F",39)))))))) -> 55
A50: 41 | B50: =+B49+1 -> 5191421041 | C50: 1 | D50: 2 | H50: 5 | I50: 5 | K50: 5 | N50: 2 | O50: 2 | S50: 10 | T50: 10 | W50: B+ | X50: =IF(W50="O",100,IF(W50="A+",90,IF(W50="A",80,IF(W50="B+",70,IF(W50="B",60,IF(W50="C",55,IF(W50="P",50,IF(W50="F",39)))))))) -> 70
A51: 42 | B51: =+B50+1 -> 5191421042 | G51: 1 | L51: 1 | M51: 2 | N51: 2 | O51: 2 | S51: 10 | T51: 3 | W51: B | X51: =IF(W51="O",100,IF(W51="A+",90,IF(W51="A",80,IF(W51="B+",70,IF(W51="B",60,IF(W51="C",55,IF(W51="P",50,IF(W51="F",39)))))))) -> 60
A52: 43 | B52: =+B51+1 -> 5191421043 | C52: 2 | D52: 2 | E52: 2 | F52: 2 | G52: 2 | K52: 4 | L52: 5 | M52: 5 | N52: 2 | O52: 2 | P52: 2 | S52: 10 | T52: 3 | W52: B+ | X52: =IF(W52="O",100,IF(W52="A+",90,IF(W52="A",80,IF(W52="B+",70,IF(W52="B",60,IF(W52="C",55,IF(W52="P",50,IF(W52="F",39)))))))) -> 70
A53: 44 | B53: =+B52+1 -> 5191421044 | C53: 2 | D53: 2 | E53: 2 | F53: 2 | G53: 2 | H53: 5 | I53: 5 | J53: 5 | K53: 5 | L53: 5 | M53: 5 | N53: 2 | O53: 2 | P53: 2 | Q53: 2 | R53: 2 | S53: 10 | U53: 10 | W53: A | X53: =IF(W53="O",100,IF(W53="A+",90,IF(W53="A",80,IF(W53="B+",70,IF(W53="B",60,IF(W53="C",55,IF(W53="P",50,IF(W53="F",39)))))))) -> 80
A54: 45 | B54: =+B53+1 -> 5191421045 | C54: 2 | D54: 2 | E54: 2 | G54: 2 | I54: 4 | K54: 4 | L54: 2 | N54: 2 | O54: 2 | S54: 10 | T54: 10 | W54: B+ | X54: =IF(W54="O",100,IF(W54="A+",90,IF(W54="A",80,IF(W54="B+",70,IF(W54="B",60,IF(W54="C",55,IF(W54="P",50,IF(W54="F",39)))))))) -> 70
A55: 46 | B55: =+B54+1 -> 5191421046 | C55: 2 | D55: 2 | E55: 2 | G55: 2 | I55: 4 | K55: 4 | N55: 2 | O55: 2 | P55: 2 | Q55: 2 | R55: 2 | S55: 10 | T55: 10 | W55: A+ | X55: =IF(W55="O",100,IF(W55="A+",90,IF(W55="A",80,IF(W55="B+",70,IF(W55="B",60,IF(W55="C",55,IF(W55="P",50,IF(W55="F",39)))))))) -> 90
A56: 47 | B56: =+B55+1 -> 5191421047 | N56: 2 | S56: 10 | U56: 10 | W56: P | X56: =IF(W56="O",100,IF(W56="A+",90,IF(W56="A",80,IF(W56="B+",70,IF(W56="B",60,IF(W56="C",55,IF(W56="P",50,IF(W56="F",39)))))))) -> 50
A57: 48 | B57: =+B56+1 -> 5191421048 | C57: 2 | D57: 2 | E57: 2 | G57: 1 | J57: 4 | K57: 1 | L57: 5 | M57: 4 | N57: 2 | O57: 2 | S57: 10 | T57: 10 | W57: B+ | X57: =IF(W57="O",100,IF(W57="A+",90,IF(W57="A",80,IF(W57="B+",70,IF(W57="B",60,IF(W57="C",55,IF(W57="P",50,IF(W57="F",39)))))))) -> 70
A58: 49 | B58: =+B57+1 -> 5191421049 | C58: 1 | D58: 2 | E58: 2 | G58: 2 | K58: 5 | W58: B+ | X58: =IF(W58="O",100,IF(W58="A+",90,IF(W58="A",80,IF(W58="B+",70,IF(W58="B",60,IF(W58="C",55,IF(W58="P",50,IF(W58="F",39)))))))) -> 70
C59: =COUNT(C10:C58) -> 42 | D59: =COUNT(D10:D58) -> 36 | E59: =COUNT(E10:E58) -> 33 | F59: =COUNT(F10:F58) -> 8 | G59: =COUNT(G10:G58) -> 35 | H59: =COUNT(H10:H58) -> 8 | I59: =COUNT(I10:I58) -> 13 | J59: =COUNT(J10:J58) -> 27 | ... U59: =COUNT(U10:U58) -> 7
A60: Benchmark %ge | B60: 60 | C60: =ROUNDUP(C9*(B60/100),1) -> 1.2 | D60: =D9*(B60/100) -> 1.2 | E60: =E9*(B60/100) -> 1.2 | F60: =F9*(B60/100) -> 1.2 | G60: =G9*(B60/100) -> 1.2 | H60: =H9*($B$60/100) -> 3 | I60: =I9*($B$60/100) -> 3 | J60: =J9*($B$60/100) -> 3 | K60: =K9*($B$60/100) -> 3 | L60: =L9*($B$60/100) -> 3 | M60: =M9*($B$60/100) -> 3 | N60: =N9*(B60/100) -> 1.2 | O60: =O9*(B60/100) -> 1.2 | P60: =P9*(B60/100) -> 1.2 | Q60: =Q9*(B60/100) -> 1.2 | R60: =R9*(B60/100) -> 1.2 | S60: =S9*(B60/100) -> 6 | T60: =T9*(B60/100) -> 6 | U60: =U9*(B60/100) -> 6 | X60: =COUNTIF(X10:X58,">="&B60) -> 35
A61: number of students scoring more than 50% of marks | C61: =COUNTIF(C10:C58,">=1") -> 42 | D61: =COUNTIF(D10:D58,">=1") -> 36 | E61: =COUNTIF(E10:E58,">=1") -> 33 | F61: =COUNTIF(F10:F58,">=1") -> 8 | G61: =COUNTIF(G10:G58,">=1") -> 35 | H61: =COUNTIF(H10:H58,">=1") -> 8 | I61: =COUNTIF(I10:I58,">=1") -> 13 | J61: =COUNTIF(J10:J58,">=1") -> 27 | ... R61: =COUNTIF(R10:R58,">=1") -> 11 | S61: =COUNTIF(S10:S58,">=5") -> 47 | T61: =COUNTIF(T10:T58,">=5") -> 34 | U61: =COUNTIF(U10:U58,">=5") -> 7 | X61: =(X60/A58)*100 -> 71.428571
A62: %ge of students scoring more than the specified mark | C62: =C61/C59 -> 1 | D62: =D61/D59 -> 1 | E62: =E61/E59 -> 1 | F62: =F61/F59 -> 1 | G62: =G61/G59 -> 1 | H62: =H61/H59 -> 1 | I62: =I61/I59 -> 1 | J62: =J61/J59 -> 1 | ... U62: =U61/U59 -> 1
B63: 50
F66: Internal | I66: University | M66: CO Attainment
E67: CO1 | F67: =AVERAGE(Q62,U62)*100 -> 100 | G67: =IF(F67>=70,3,IF(AND(F67>=60,F67<70),2,IF(AND(F67>=50,F67<60),1))) -> 3 | I67: =IF(X61>=70,3,IF(AND(X61>=60,X61<70),2,IF(AND(X61>=50,X61<60),1))) -> 3 | M67: =(70/100)*I67+(30/100)*G67 -> 3
E68: CO2 | F68: =AVERAGE(N62,R62,S62)*100 -> 100 | G68: =IF(F68>=70,3,IF(AND(F68>=60,F68<70),2,IF(AND(F68>=50,F68<60),1))) -> 3 | I68: =IF(X61>=70,3,IF(AND(X61>=60,X61<70),2,IF(AND(X61>=50,X61<60),1))) -> 3 | M68: =(70/100)*I68+(30/100)*G68 -> 3
E69: CO3 | F69: =AVERAGE(O62,P62,T62)*100 -> 98.148148 | G69: =IF(F69>=70,3,IF(AND(F69>=60,F69<70),2,IF(AND(F69>=50,F69<60),1))) -> 3 | I69: =IF(X61>=70,3,IF(AND(X61>=60,X61<70),2,IF(AND(X61>=50,X61<60),1))) -> 3 | M69: =(70/100)*I69+(30/100)*G69 -> 3
E70: CO4 | F70: =AVERAGE(C62,D62,E62,F62,G62,I62,K62,M62)*100 -> 100 | G70: 3 | I70: =IF(X61>=70,3,IF(AND(X61>=60,X61<70),2,IF(AND(X61>=50,X61<60),1))) -> 3 | M70: =(70/100)*I70+(30/100)*G70 -> 3
E71: CO Average attainment for the subject | M71: =AVERAGE(M67:M70) -> 3
D74: CO - PO & PSO MAPPING :
E76: SUBJECT-M-III | F76: PO1 | G76: P02 | H76: PO3 | I76: PO4 | J76: PO5 | K76: P06 | L76: PO7 | M76: PO8 | N76: PO9 | O76: PO10 | P76: PO11 | Q76: PO12 | R76: PSO1 | S76: PSO2 | T76: PSO3
E77: CO1 | F77: 3 | G77: 3 | H77: 1 | I77: 2 | J77: 1 | Q77: 2 | R77: 3 | S77: 2 | T77: 1
E78: CO2 | F78: 3 | G78: 3 | H78: 2 | I78: 2 | J78: 1 | Q78: 2 | R78: 3 | S78: 2 | T78: 1
E79: CO3 | F79: 3 | G79: 2 | H79: 1 | I79: 1 | J79: 1 | Q79: 2 | R79: 2 | S79: 2 | T79: 1
E80: CO4 | F80: 3 | G80: 3 | H80: 2 | I80: 3 | J80: 1 | Q80: 2 | R80: 3 | S80: 2 | T80: 1
E81: AVG | F81: =AVERAGE(F77:F80) -> 3 | G81: =AVERAGE(G77:G80) -> 2.75 | H81: =AVERAGE(H77:H80) -> 1.5 | I81: =AVERAGE(I77:I80) -> 2 | J81: =AVERAGE(J77:J80) -> 1 | Q81: =AVERAGE(Q77:Q80) -> 2 | R81: =AVERAGE(R77:R80) -> 2.75 | S81: =AVERAGE(S77:S80) -> 2 | T81: =AVERAGE(T77:T80) -> 1
E82: total avg | F82: =AVERAGE(F81:Q81) -> 2.0416667 | R82: =AVERAGE(R81:T81) -> 1.9166667
D85: CO-PO & PSO ATTAINMENT:
E88: SUBJECT-M-III | F88: PO 1 | G88: PO 2 | H88: PO 3 | I88: PO 4 | J88: PO 5 | K88: PO 6 | L88: PO 7 | M88: PO 8 | N88: PO 9 | O88: PO 10 | P88: PO 11 | Q88: PO 12 | R88: PSO 1 | S88: PSO 2 | T88: PSO 3
E89: CO 1 | F89: =($M67*F77)/3 -> 3 | G89: =($M67*G77)/3 -> 3 | H89: =($M67*H77)/3 -> 1 | I89: =($M67*I77)/3 -> 2 | J89: =($M67*J77)/3 -> 1 | Q89: =($M67*Q77)/3 -> 2 | R89: =$M67*R77/3 -> 3 | S89: =$M67*S77/3 -> 2 | T89: =$M67*T77/3 -> 1
E90: CO 2 | F90: =($M68*F78)/3 -> 3 | G90: =($M68*G78)/3 -> 3 | H90: =($M68*H78)/3 -> 2 | I90: =($M68*I78)/3 -> 2 | J90: =($M68*J78)/3 -> 1 | Q90: =($M68*Q78)/3 -> 2 | R90: =$M68*R78/3 -> 3 | S90: =$M68*S78/3 -> 2 | T90: =$M68*T78/3 -> 1
E91: CO 3 | F91: =($M69*F79)/3 -> 3 | G91: =($M69*G79)/3 -> 2 | H91: =($M69*H79)/3 -> 1 | I91: =($M69*I79)/3 -> 1 | J91: =($M69*J79)/3 -> 1 | Q91: =($M69*Q79)/3 -> 2 | R91: =$M69*R79/3 -> 2 | S91: =$M69*S79/3 -> 2 | T91: =$M69*T79/3 -> 1
E92: CO 4 | F92: =($M70*F80)/3 -> 3 | G92: =($M70*G80)/3 -> 3 | H92: =($M70*H80)/3 -> 2 | I92: =($M70*I80)/3 -> 3 | J92: =($M70*J80)/3 -> 1 | Q92: =($M70*Q80)/3 -> 2 | R92: =$M70*R80/3 -> 3 | S92: =$M70*S80/3 -> 2 | T92: =$M70*T80/3 -> 1
E93: AVG | F93: =AVERAGE(F89:F92) -> 3 | G93: =AVERAGE(G89:G92) -> 2.75 | H93: =AVERAGE(H89:H92) -> 1.5 | I93: =AVERAGE(I89:I92) -> 2 | J93: =AVERAGE(J89:J92) -> 1 | Q93: =AVERAGE(Q89:Q92) -> 2 | R93: =AVERAGE(R89:R92) -> 2.75 | S93: =AVERAGE(S89:S92) -> 2 | T93: =AVERAGE(T89:T92) -> 1
E94: total avg | F94: =AVERAGE(F93:Q93) -> 2.0416667 | R94: =AVERAGE(R93:T93) -> 1.9166667

Sheet BEE
A2: Subject: | C2: BEE | H2: AY: | I2: 2019-20
A3: Faculty: | C3: CH MANOHAR KUMAR | H3: Batch: | I3: 2019-2023
B4: Year and Semester: | C4: I Yr II Semester | H4: Branch: | I4: ECE
C5: I Mid | K5: II MID
B6: Register Number | C6: Question No.1 | H6: Question No 2 | I6: Question No 3 | J6: Question No 4 | K6: Question No.1 | P6: Question No 2 | Q6: Question No 3 | R6: Question No 4 | S6: Total Mid 1 | T6: Total Mid 2 | U6: Average | V6: University Grade | W6: Marks Obtained | X6: Grade Point | Y6: Marks percentage
C7: a | D7: b | E7: c | F7: d | G7: e | K7: a | L7: b | M7: c | N7: d | O7: e
A8: Sl.No. | B8: Matching CO | C8: CO 1 | D8: CO 1 | E8: CO 3 | F8: CO 1 | G8: CO 1 | H8: CO1 | I8: CO 2 | J8: CO 3 | K8: CO 3 | L8: CO 3 | M8: CO 4 | N8: CO 5 | O8: CO 5 | P8: CO3 | Q8: CO4 | R8: CO5
B9: Maximum Marks | C9: 2 | D9: 2 | E9: 2 | F9: 2 | G9: 2 | H9: 10 | I9: 10 | J9: 10 | K9: 2 | L9: 2 | M9: 2 | N9: 2 | O9: 2 | P9: 10 | Q9: 10 | R9: 10 | V9: 100 | X9: =IF(V9="F",0,IF(V9="O",10,IF(V9="A+",9,IF(V9="A",8,IF(V9="B+",7,IF(V9="B",6,IF(V9="C",5,IF(V9="P",4)))))))) -> FALSE | Y9: =X9*10 -> 0 | Z9: =Y9-U9 -> 0
A10: 1 | B10: 5191421001 | C10: 2 | D10: 2 | E10: 1 | F10: 2 | G10: 2 | H10: 9 | I10: 5 | K10: 1 | L10: 2 | M10: 2 | N10: 2 | P10: 7 | R10: 5 | S10: =SUM(C10:J10) -> 23 | T10: =SUM(K10:R10) -> 19 | U10: =AVERAGE(S10:T10) -> 21 | V10: A | W10: =IF(V10="O",100,IF(V10="A+",90,IF(V10="A",80,IF(V10="B+",70,IF(V10="B",60,IF(V10="C",55,IF(V10="P",50,IF(V10="F",39)))))))) -> 80 | X10: =IF(V10="F",0,IF(V10="O",10,IF(V10="A+",9,IF(V10="A",8,IF(V10="B+",7,IF(V10="B",6,IF(V10="C",5,IF(V10="P",4)))))))) -> 8 | Y10: =X10*10 -> 80 | Z10: =Y10-U10 -> 59
A11: 2 | B11: =+B10+1 -> 5191421002 | C11: 1 | D11: 2 | E11: 2 | F11: 2 | G11: 2 | H11: 8 | J11: 5 | L11: 2 | M11: 2 | N11: 2 | P11: 4 | Q11: 7 | S11: =SUM(C11:J11) -> 22 | T11: =SUM(K11:R11) -> 17 | U11: =AVERAGE(S11:T11) -> 19.5 | V11: A | W11: =IF(V11="O",100,IF(V11="A+",90,IF(V11="A",80,IF(V11="B+",70,IF(V11="B",60,IF(V11="C",55,IF(V11="P",50,IF(V11="F",39)))))))) -> 80 | X11: =IF(V11="F",0,IF(V11="O",10,IF(V11="A+",9,IF(V11="A",8,IF(V11="B+",7,IF(V11="B",6,IF(V11="C",5,IF(V11="P",4)))))))) -> 8 | Y11: =X11*10 -> 80 | Z11: =Y11-U11 -> 60.5
A12: 3 | B12: =+B11+1 -> 5191421003 | C12: 2 | D12: 2 | E12: 2 | F12: 2 | G12: 2 | H12: 10 | I12: 9 | K12: 2 | L12: 2 | M12: 2 | N12: 2 | P12: 7 | Q12: 7 | S12: =SUM(C12:J12) -> 29 | T12: =SUM(K12:R12) -> 22 | U12: =AVERAGE(S12:T12) -> 25.5 | V12: O | W12: =IF(V12="O",100,IF(V12="A+",90,IF(V12="A",80,IF(V12="B+",70,IF(V12="B",60,IF(V12="C",55,IF(V12="P",50,IF(V12="F",39)))))))) -> 100 | X12: =IF(V12="F",0,IF(V12="O",10,IF(V12="A+",9,IF(V12="A",8,IF(V12="B+",7,IF(V12="B",6,IF(V12="C",5,IF(V12="P",4)))))))) -> 10 | Y12: =X12*10 -> 100 | Z12: =Y12-U12 -> 74.5
A13: 4 | B13: =+B12+1 -> 5191421004 | C13: 2 | D13: 2 | E13: 2 | F13: 2 | G13: 2 | H13: 9 | I13: 9 | L13: 2 | M13: 2 | N13: 1 | P13: 7 | R13: 7 | S13: =SUM(C13:J13) -> 28 | T13: =SUM(K13:R13) -> 19 | U13: =AVERAGE(S13:T13) -> 23.5 | V13: F | W13: =IF(V13="O",100,IF(V13="A+",90,IF(V13="A",80,IF(V13="B+",70,IF(V13="B",60,IF(V13="C",55,IF(V13="P",50,IF(V13="F",39)))))))) -> 39 | X13: =IF(V13="F",0,IF(V13="O",10,IF(V13="A+",9,IF(V13="A",8,IF(V13="B+",7,IF(V13="B",6,IF(V13="C",5,IF(V13="P",4)))))))) -> 0 | Y13: =X13*10 -> 0 | Z13: =Y13-U13 -> -23.5
A14: 5 | B14: =+B13+1 -> 5191421005 | C14: 1 | D14: 2 | E14: 2 | G14: 1 | H14: 4 | I14: 3 | K14: 2 | L14: 1 | N14: 2 | O14: 1 | P14: 2 | Q14: 7 | S14: =SUM(C14:J14) -> 13 | T14: =SUM(K14:R14) -> 15 | U14: =AVERAGE(S14:T14) -> 14 | V14: A | W14: =IF(V14="O",100,IF(V14="A+",90,IF(V14="A",80,IF(V14="B+",70,IF(V14="B",60,IF(V14="C",55,IF(V14="P",50,IF(V14="F",39)))))))) -> 80 | X14: =IF(V14="F",0,IF(V14="O",10,IF(V14="A+",9,IF(V14="A",8,IF(V14="B+",7,IF(V14="B",6,IF(V14="C",5,IF(V14="P",4)))))))) -> 8 | Y14: =X14*10 -> 80 | Z14: =Y14-U14 -> 66
A15: 6 | B15: =+B14+1 -> 5191421006 | C15: 1 | D15: 1 | E15: 1 | H15: 4 | J15: 5 | Q15: 1 | R15: 1 | S15: =SUM(C15:J15) -> 12 | T15: =SUM(K15:R15) -> 2 | U15: =AVERAGE(S15:T15) -> 7 | V15: A | W15: =IF(V15="O",100,IF(V15="A+",90,IF(V15="A",80,IF(V15="B+",70,IF(V15="B",60,IF(V15="C",55,IF(V15="P",50,IF(V15="F",39)))))))) -> 80 | X15: =IF(V15="F",0,IF(V15="O",10,IF(V15="A+",9,IF(V15="A",8,IF(V15="B+",7,IF(V15="B",6,IF(V15="C",5,IF(V15="P",4)))))))) -> 8 | Y15: =X15*10 -> 80 | Z15: =Y15-U15 -> 73
A16: 7 | B16: =+B15+1 -> 5191421007 | C16: 2 | D16: 2 | E16: 2 | F16: 2 | G16: 2 | H16: 10 | I16: 10 | K16: 2 | L16: 2 | M16: 2 | N16: 2 | P16: 8 | R16: 10 | S16: =SUM(C16:J16) -> 30 | T16: =SUM(K16:R16) -> 26 | U16: =AVERAGE(S16:T16) -> 28 | V16: A | W16: =IF(V16="O",100,IF(V16="A+",90,IF(V16="A",80,IF(V16="B+",70,IF(V16="B",60,IF(V16="C",55,IF(V16="P",50,IF(V16="F",39)))))))) -> 80 | X16: =IF(V16="F",0,IF(V16="O",10,IF(V16="A+",9,IF(V16="A",8,IF(V16="B+",7,IF(V16="B",6,IF(V16="C",5,IF(V16="P",4)))))))) -> 8 | Y16: =X16*10 -> 80 | Z16: =Y16-U16 -> 52
A17: 8 | B17: =+B16+1 -> 5191421008 | C17: 1 | D17: 2 | E17: 1 | F17: 1 | G17: 2 | I17: 2 | J17: 3 | M17: 2 | Q17: 6 | R17: 4 | S17: =SUM(C17:J17) -> 12 | T17: =SUM(K17:R17) -> 12 | U17: =AVERAGE(S17:T17) -> 12 | V17: A | W17: =IF(V17="O",100,IF(V17="A+",90,IF(V17="A",80,IF(V17="B+",70,IF(V17="B",60,IF(V17="C",55,IF(V17="P",50,IF(V17="F",39)))))))) -> 80 | X17: =IF(V17="F",0,IF(V17="O",10,IF(V17="A+",9,IF(V17="A",8,IF(V17="B+",7,IF(V17="B",6,IF(V17="C",5,IF(V17="P",4)))))))) -> 8 | Y17: =X17*10 -> 80 | Z17: =Y17-U17 -> 68
A18: 9 | B18: =+B17+1 -> 5191421009 | C18: 1 | D18: 2 | F18: 2 | G18: 2 | I18: 3 | J18: 3 | K18: 1 | O18: 1 | P18: 3 | Q18: 7 | S18: =SUM(C18:J18) -> 13 | T18: =SUM(K18:R18) -> 12 | U18: =AVERAGE(S18:T18) -> 12.5 | V18: B+ | W18: =IF(V18="O",100,IF(V18="A+",90,IF(V18="A",80,IF(V18="B+",70,IF(V18="B",60,IF(V18="C",55,IF(V18="P",50,IF(V18="F",39)))))))) -> 70 | X18: =IF(V18="F",0,IF(V18="O",10,IF(V18="A+",9,IF(V18="A",8,IF(V18="B+",7,IF(V18="B",6,IF(V18="C",5,IF(V18="P",4)))))))) -> 7 | Y18: =X18*10 -> 70 | Z18: =Y18-U18 -> 57.5
A19: 10 | B19: =+B18+1 -> 5191421010 | C19: 1 | D19: 2 | E19: 2 | F19: 1 | G19: 2 | H19: 5 | J19: 4 | K19: 2 | M19: 1 | R19: 3 | S19: =SUM(C19:J19) -> 17 | T19: =SUM(K19:R19) -> 6 | U19: =AVERAGE(S19:T19) -> 11.5 | V19: B+ | W19: =IF(V19="O",100,IF(V19="A+",90,IF(V19="A",80,IF(V19="B+",70,IF(V19="B",60,IF(V19="C",55,IF(V19="P",50,IF(V19="F",39)))))))) -> 70 | X19: =IF(V19="F",0,IF(V19="O",10,IF(V19="A+",9,IF(V19="A",8,IF(V19="B+",7,IF(V19="B",6,IF(V19="C",5,IF(V19="P",4)))))))) -> 7 | Y19: =X19*10 -> 70 | Z19: =Y19-U19 -> 58.5
A20: 11 | B20: =+B19+1 -> 5191421011 | E20: 2 | G20: 2 | H20: 10 | I20: 7 | M20: 2 | Q20: 5 | R20: 6 | S20: =SUM(C20:J20) -> 21 | T20: =SUM(K20:R20) -> 13 | U20: =AVERAGE(S20:T20) -> 17 | V20: A | W20: =IF(V20="O",100,IF(V20="A+",90,IF(V20="A",80,IF(V20="B+",70,IF(V20="B",60,IF(V20="C",55,IF(V20="P",50,IF(V20="F",39)))))))) -> 80 | X20: =IF(V20="F",0,IF(V20="O",10,IF(V20="A+",9,IF(V20="A",8,IF(V20="B+",7,IF(V20="B",6,IF(V20="C",5,IF(V20="P",4)))))))) -> 8 | Y20: =X20*10 -> 80 | Z20: =Y20-U20 -> 63
A21: 12 | B21: =+B20+1 -> 5191421012 | K21: 1 | L21: 2 | M21: 2 | N21: 2 | O21: 1 | Q21: 3 | R21: 5 | S21: =SUM(C21:J21) -> 0 | T21: =SUM(K21:R21) -> 16 | U21: =AVERAGE(S21:T21) -> 8 | V21: C | W21: =IF(V21="O",100,IF(V21="A+",90,IF(V21="A",80,IF(V21="B+",70,IF(V21="B",60,IF(V21="C",55,IF(V21="P",50,IF(V21="F",39)))))))) -> 55
A22: 13 | B22: =+B21+1 -> 5191421013 | L22: 2 | N22: 2 | O22: 2 | P22: 4 | R22: 10 | S22: =SUM(C22:J22) -> 0 | T22: =SUM(K22:R22) -> 20 | U22: =AVERAGE(S22:T22) -> 10 | V22: A+ | W22: =IF(V22="O",100,IF(V22="A+",90,IF(V22="A",80,IF(V22="B+",70,IF(V22="B",60,IF(V22="C",55,IF(V22="P",50,IF(V22="F",39)))))))) -> 90
A23: 14 | B23: =+B22+1 -> 5191421014 | I23: 3 | J23: 7 | L23: 2 | M23: 2 | N23: 2 | Q23: 2 | R23: 10 | S23: =SUM(C23:J23) -> 10 | T23: =SUM(K23:R23) -> 18 | U23: =AVERAGE(S23:T23) -> 14 | V23: A+ | W23: =IF(V23="O",100,IF(V23="A+",90,IF(V23="A",80,IF(V23="B+",70,IF(V23="B",60,IF(V23="C",55,IF(V23="P",50,IF(V23="F",39)))))))) -> 90
A24: 15 | B24: =+B23+1 -> 5191421015 | J24: 5 | K24: 1 | L24: 2 | M24: 2 | N24: 2 | P24: 1 | S24: =SUM(C24:J24) -> 5 | T24: =SUM(K24:R24) -> 8 | U24: =AVERAGE(S24:T24) -> 6.5 | V24: B | W24: =IF(V24="O",100,IF(V24="A+",90,IF(V24="A",80,IF(V24="B+",70,IF(V24="B",60,IF(V24="C",55,IF(V24="P",50,IF(V24="F",39)))))))) -> 60
A25: 16 | B25: =+B24+1 -> 5191421016 | K25: 2 | L25: 1 | M25: 2 | N25: 2 | P25: 4 | R25: 1 | S25: =SUM(C25:J25) -> 0 | T25: =SUM(K25:R25) -> 12 | U25: =AVERAGE(S25:T25) -> 6 | V25: F | W25: =IF(V25="O",100,IF(V25="A+",90,IF(V25="A",80,IF(V25="B+",70,IF(V25="B",60,IF(V25="C",55,IF(V25="P",50,IF(V25="F",39)))))))) -> 39
A26: 17 | B26: =+B25+1 -> 5191421017 | C26: 2 | D26: 2 | E26: 2 | F26: 2 | G26: 2 | H26: 9 | I26: 8 | K26: 2 | L26: 2 | M26: 2 | N26: 2 | O26: 1 | P26: 10 | Q26: 10 | S26: =SUM(C26:J26) -> 27 | T26: =SUM(K26:R26) -> 29 | U26: =AVERAGE(S26:T26) -> 28 | V26: A+ | W26: =IF(V26="O",100,IF(V26="A+",90,IF(V26="A",80,IF(V26="B+",70,IF(V26="B",60,IF(V26="C",55,IF(V26="P",50,IF(V26="F",39)))))))) -> 90
A27: 18 | B27: =+B26+1 -> 5191421018 | D27: 1 | E27: 1 | F27: 1 | G27: 1 | H27: 2 | J27: 3 | L27: 2 | M27: 1 | N27: 2 | O27: 2 | P27: 4 | R27: 8 | S27: =SUM(C27:J27) -> 9 | T27: =SUM(K27:R27) -> 19 | U27: =AVERAGE(S27:T27) -> 14 | V27: A | W27: =IF(V27="O",100,IF(V27="A+",90,IF(V27="A",80,IF(V27="B+",70,IF(V27="B",60,IF(V27="C",55,IF(V27="P",50,IF(V27="F",39)))))))) -> 80
A28: 19 | B28: =+B27+1 -> 5191421019 | D28: 1 | G28: 1 | H28: 5 | J28: 5 | L28: 2 | M28: 1 | N28: 1 | Q28: 3 | R28: 5 | S28: =SUM(C28:J28) -> 12 | T28: =SUM(K28:R28) -> 12 | U28: =AVERAGE(S28:T28) -> 12 | V28: O | W28: =IF(V28="O",100,IF(V28="A+",90,IF(V28="A",80,IF(V28="B+",70,IF(V28="B",60,IF(V28="C",55,IF(V28="P",50,IF(V28="F",39)))))))) -> 100
A29: 20 | B29: =+B28+1 -> 5191421020 | H29: 3 | J29: 3 | L29: 2 | N29: 2 | O29: 2 | Q29: 3 | R29: 8 | S29: =SUM(C29:J29) -> 6 | T29: =SUM(K29:R29) -> 17 | U29: =AVERAGE(S29:T29) -> 11.5 | V29: A | W29: =IF(V29="O",100,IF(V29="A+",90,IF(V29="A",80,IF(V29="B+",70,IF(V29="B",60,IF(V29="C",55,IF(V29="P",50,IF(V29="F",39)))))))) -> 80
A30: 21 | B30: =+B29+1 -> 5191421021 | C30: 1 | D30: 1 | E30: 2 | F30: 1 | H30: 10 | J30: 8 | K30: 1 | Q30: 7 | R30: 6 | S30: =SUM(C30:J30) -> 23 | T30: =SUM(K30:R30) -> 14 | U30: =AVERAGE(S30:T30) -> 18.5 | V30: B+ | W30: =IF(V30="O",100,IF(V30="A+",90,IF(V30="A",80,IF(V30="B+",70,IF(V30="B",60,IF(V30="C",55,IF(V30="P",50,IF(V30="F",39)))))))) -> 70
A31: 22 | B31: =+B30+1 -> 5191421022 | D31: 2 | E31: 2 | F31: 1 | G31: 2 | H31: 6 | J31: 2 | K31: 1 | M31: 1 | P31: 6 | R31: 4 | S31: =SUM(C31:J31) -> 15 | T31: =SUM(K31:R31) -> 12 | U31: =AVERAGE(S31:T31) -> 13.5 | V31: B+ | W31: =IF(V31="O",100,IF(V31="A+",90,IF(V31="A",80,IF(V31="B+",70,IF(V31="B",60,IF(V31="C",55,IF(V31="P",50,IF(V31="F",39)))))))) -> 70
A32: 23 | B32: =+B31+1 -> 5191421023 | D32: 2 | E32: 2 | F32: 2 | G32: 2 | H32: 5 | J32: 4 | K32: 1 | L32: 2 | M32: 2 | N32: 2 | P32: 5 | R32: 5 | S32: =SUM(C32:J32) -> 17 | T32: =SUM(K32:R32) -> 17 | U32: =AVERAGE(S32:T32) -> 17 | V32: B+ | W32: =IF(V32="O",100,IF(V32="A+",90,IF(V32="A",80,IF(V32="B+",70,IF(V32="B",60,IF(V32="C",55,IF(V32="P",50,IF(V32="F",39)))))))) -> 70
A33: 24 | B33: =+B32+1 -> 5191421024 | D33: 1 | E33: 1 | G33: 2 | H33: 7 | I33: 7 | J33: 2 | K33: 2 | L33: 2 | M33: 2 | Q33: 8 | R33: 5 | S33: =SUM(C33:J33) -> 20 | T33: =SUM(K33:R33) -> 19 | U33: =AVERAGE(S33:T33) -> 19.5 | V33: F | W33: =IF(V33="O",100,IF(V33="A+",90,IF(V33="A",80,IF(V33="B+",70,IF(V33="B",60,IF(V33="C",55,IF(V33="P",50,IF(V33="F",39)))))))) -> 39
A34: 25 | B34: =+B33+1 -> 5191421025 | C34: 2 | D34: 2 | E34: 2 | F34: 2 | H34: 7 | I34: 4 | K34: 2 | L34: 2 | M34: 2 | N34: 2 | P34: 10 | Q34: 7 | S34: =SUM(C34:J34) -> 19 | T34: =SUM(K34:R34) -> 25 | U34: =AVERAGE(S34:T34) -> 22 | V34: O | W34: =IF(V34="O",100,IF(V34="A+",90,IF(V34="A",80,IF(V34="B+",70,IF(V34="B",60,IF(V34="C",55,IF(V34="P",50,IF(V34="F",39)))))))) -> 100
A35: 26 | B35: =+B34+1 -> 5191421026 | C35: 2 | D35: 2 | E35: 2 | G35: 2 | H35: 10 | I35: 7 | P35: 6 | R35: 9 | S35: =SUM(C35:J35) -> 25 | T35: =SUM(K35:R35) -> 15 | U35: =AVERAGE(S35:T35) -> 20 | V35: B+ | W35: =IF(V35="O",100,IF(V35="A+",90,IF(V35="A",80,IF(V35="B+",70,IF(V35="B",60,IF(V35="C",55,IF(V35="P",50,IF(V35="F",39)))))))) -> 70
A36: 27 | B36: =+B35+1 -> 5191421027 | C36: 2 | D36: 2 | E36: 2 | F36: 2 | G36: 2 | H36: 10 | I36: 6 | K36: 1 | L36: 2 | M36: 2 | N36: 1 | O36: 1 | P36: 9 | R36: 9 | S36: =SUM(C36:J36) -> 26 | T36: =SUM(K36:R36) -> 25 | U36: =AVERAGE(S36:T36) -> 25.5 | V36: A+ | W36: =IF(V36="O",100,IF(V36="A+",90,IF(V36="A",80,IF(V36="B+",70,IF(V36="B",60,IF(V36="C",55,IF(V36="P",50,IF(V36="F",39)))))))) -> 90
A37: 28 | B37: =+B36+1 -> 5191421028 | C37: 1 | D37: 1 | E37: 1 | F37: 2 | G37: 2 | H37: 7 | I37: 7 | K37: 2 | L37: 2 | M37: 2 | N37: 1 | P37: 5 | R37: 9 | S37: =SUM(C37:J37) -> 21 | T37: =SUM(K37:R37) -> 21 | U37: =AVERAGE(S37:T37) -> 21 | V37: A+ | W37: =IF(V37="O",100,IF(V37="A+",90,IF(V37="A",80,IF(V37="B+",70,IF(V37="B",60,IF(V37="C",55,IF(V37="P",50,IF(V37="F",39)))))))) -> 90
A38: 29 | B38: =+B37+1 -> 5191421029 | N38: 1 | O38: 3 | S38: =SUM(C38:J38) -> 0 | T38: =SUM(K38:R38) -> 4 | U38: =AVERAGE(S38:T38) -> 2 | V38: B+ | W38: =IF(V38="O",100,IF(V38="A+",90,IF(V38="A",80,IF(V38="B+",70,IF(V38="B",60,IF(V38="C",55,IF(V38="P",50,IF(V38="F",39)))))))) -> 70
A39: 30 | B39: =+B38+1 -> 5191421030 | C39: 2 | D39: 2 | E39: 2 | F39: 2 | G39: 2 | H39: 7 | I39: 6 | K39: 2 | M39: 2 | N39: 2 | O39: 1 | Q39: 7 | R39: 8 | S39: =SUM(C39:J39) -> 23 | T39: =SUM(K39:R39) -> 22 | U39: =AVERAGE(S39:T39) -> 22.5 | V39: P | W39: =IF(V39="O",100,IF(V39="A+",90,IF(V39="A",80,IF(V39="B+",70,IF(V39="B",60,IF(V39="C",55,IF(V39="P",50,IF(V39="F",39)))))))) -> 50
A40: 31 | B40: =+B39+1 -> 5191421031 | C40: 1 | H40: 7 | I40: 9 | M40: 2 | O40: 1 | P40: 3 | R40: 3 | S40: =SUM(C40:J40) -> 17 | T40: =SUM(K40:R40) -> 9 | U40: =AVERAGE(S40:T40) -> 13 | V40: B+ | W40: =IF(V40="O",100,IF(V40="A+",90,IF(V40="A",80,IF(V40="B+",70,IF(V40="B",60,IF(V40="C",55,IF(V40="P",50,IF(V40="F",39)))))))) -> 70
A41: 32 | B41: =+B40+1 -> 5191421032 | C41: 2 | D41: 2 | E41: 2 | G41: 2 | H41: 9 | I41: 9 | K41: 2 | M41: 1 | N41: 1 | P41: 8 | R41: 9 | S41: =SUM(C41:J41) -> 26 | T41: =SUM(K41:R41) -> 21 | U41: =AVERAGE(S41:T41) -> 23.5 | V41: C | W41: =IF(V41="O",100,IF(V41="A+",90,IF(V41="A",80,IF(V41="B+",70,IF(V41="B",60,IF(V41="C",55,IF(V41="P",50,IF(V41="F",39)))))))) -> 55
A42: 33 | B42: =+B41+1 -> 5191421033 | C42: 2 | D42: 2 | E42: 2 | G42: 2 | H42: 9 | I42: 8 | K42: 1 | L42: 1 | M42: 2 | N42: 1 | R42: 9 | S42: =SUM(C42:J42) -> 25 | T42: =SUM(K42:R42) -> 14 | U42: =AVERAGE(S42:T42) -> 19.5 | V42: A+ | W42: =IF(V42="O",100,IF(V42="A+",90,IF(V42="A",80,IF(V42="B+",70,IF(V42="B",60,IF(V42="C",55,IF(V42="P",50,IF(V42="F",39)))))))) -> 90
A43: 34 | B43: =+B42+1 -> 5191421034 | C43: 2 | D43: 2 | E43: 2 | G43: 2 | H43: 10 | I43: 9 | L43: 2 | M43: 1 | N43: 2 | P43: 7 | R43: 9 | S43: =SUM(C43:J43) -> 27 | T43: =SUM(K43:R43) -> 21 | U43: =AVERAGE(S43:T43) -> 24 | V43: A+ | W43: =IF(V43="O",100,IF(V43="A+",90,IF(V43="A",80,IF(V43="B+",70,IF(V43="B",60,IF(V43="C",55,IF(V43="P",50,IF(V43="F",39)))))))) -> 90 | X43: =IF(V43="F",0,IF(V43="O",10,IF(V43="A+",9,IF(V43="A",8,IF(V43="B+",7,IF(V43="B",6,IF(V43="C",5,IF(V43="P",4)))))))) -> 9 | Y43: =X43*10 -> 90 | Z43: =Y43-U43 -> 66
A44: 35 | B44: =+B43+1 -> 5191421035 | C44: 2 | D44: 2 | E44: 2 | F44: 2 | G44: 2 | H44: 9 | I44: 7 | K44: 1 | L44: 1 | M44: 1 | N44: 2 | O44: 1 | P44: 8 | Q44: 10 | S44: =SUM(C44:J44) -> 26 | T44: =SUM(K44:R44) -> 24 | U44: =AVERAGE(S44:T44) -> 25 | V44: P | W44: =IF(V44="O",100,IF(V44="A+",90,IF(V44="A",80,IF(V44="B+",70,IF(V44="B",60,IF(V44="C",55,IF(V44="P",50,IF(V44="F",39)))))))) -> 50 | X44: =IF(V44="F",0,IF(V44="O",10,IF(V44="A+",9,IF(V44="A",8,IF(V44="B+",7,IF(V44="B",6,IF(V44="C",5,IF(V44="P",4)))))))) -> 4 | Y44: =X44*10 -> 40 | Z44: =Y44-U44 -> 15
A45: 36 | B45: =+B44+1 -> 5191421036 | C45: 1 | D45: 2 | E45: 2 | F45: 2 | G45: 2 | H45: 7 | I45: 7 | L45: 1 | M45: 1 | N45: 1 | P45: 8 | R45: 6 | S45: =SUM(C45:J45) -> 23 | T45: =SUM(K45:R45) -> 17 | U45: =AVERAGE(S45:T45) -> 20 | V45: A+ | W45: =IF(V45="O",100,IF(V45="A+",90,IF(V45="A",80,IF(V45="B+",70,IF(V45="B",60,IF(V45="C",55,IF(V45="P",50,IF(V45="F",39)))))))) -> 90 | X45: =IF(V45="F",0,IF(V45="O",10,IF(V45="A+",9,IF(V45="A",8,IF(V45="B+",7,IF(V45="B",6,IF(V45="C",5,IF(V45="P",4)))))))) -> 9 | Y45: =X45*10 -> 90 | Z45: =Y45-U45 -> 70
A46: 37 | B46: =+B45+1 -> 5191421037 | C46: 1 | D46: 2 | E46: 2 | H46: 6 | I46: 1 | L46: 1 | M46: 1 | N46: 1 | O46: 1 | P46: 4 | R46: 4 | S46: =SUM(C46:J46) -> 12 | T46: =SUM(K46:R46) -> 12 | U46: =AVERAGE(S46:T46) -> 12 | V46: B | W46: =IF(V46="O",100,IF(V46="A+",90,IF(V46="A",80,IF(V46="B+",70,IF(V46="B",60,IF(V46="C",55,IF(V46="P",50,IF(V46="F",39)))))))) -> 60 | X46: =IF(V46="F",0,IF(V46="O",10,IF(V46="A+",9,IF(V46="A",8,IF(V46="B+",7,IF(V46="B",6,IF(V46="C",5,IF(V46="P",4)))))))) -> 6 | Y46: =X46*10 -> 60 | Z46: =Y46-U46 -> 48
A47: 38 | B47: =+B46+1 -> 5191421038 | C47: 2 | D47: 2 | E47: 2 | G47: 2 | H47: 10 | J47: 4 | K47: 1 | M47: 2 | Q47: 7 | R47: 9 | S47: =SUM(C47:J47) -> 22 | T47: =SUM(K47:R47) -> 19 | U47: =AVERAGE(S47:T47) -> 20.5 | V47: B | W47: =IF(V47="O",100,IF(V47="A+",90,IF(V47="A",80,IF(V47="B+",70,IF(V47="B",60,IF(V47="C",55,IF(V47="P",50,IF(V47="F",39)))))))) -> 60 | X47: =IF(V47="F",0,IF(V47="O",10,IF(V47="A+",9,IF(V47="A",8,IF(V47="B+",7,IF(V47="B",6,IF(V47="C",5,IF(V47="P",4)))))))) -> 6 | Y47: =X47*10 -> 60 | Z47: =Y47-U47 -> 39.5
A48: 39 | B48: =+B47+1 -> 5191421039 | C48: 2 | D48: 2 | E48: 2 | F48: 2 | G48: 2 | H48: 6 | J48: 4 | K48: 2 | L48: 1 | M48: 2 | N48: 2 | O48: 1 | P48: 6 | Q48: 6 | S48: =SUM(C48:J48) -> 20 | T48: =SUM(K48:R48) -> 20 | U48: =AVERAGE(S48:T48) -> 20 | V48: A+ | W48: =IF(V48="O",100,IF(V48="A+",90,IF(V48="A",80,IF(V48="B+",70,IF(V48="B",60,IF(V48="C",55,IF(V48="P",50,IF(V48="F",39)))))))) -> 90 | X48: =IF(V48="F",0,IF(V48="O",10,IF(V48="A+",9,IF(V48="A",8,IF(V48="B+",7,IF(V48="B",6,IF(V48="C",5,IF(V48="P",4)))))))) -> 9 | Y48: =X48*10 -> 90 | Z48: =Y48-U48 -> 70
A49: 40 | B49: =+B48+1 -> 5191421040 | C49: 1 | D49: 2 | E49: 1 | F49: 2 | G49: 2 | H49: 4 | I49: 2 | K49: 2 | M49: 2 | O49: 1 | P49: 6 | Q49: 6 | S49: =SUM(C49:J49) -> 14 | T49: =SUM(K49:R49) -> 17 | U49: =AVERAGE(S49:T49) -> 15.5 | V49: B+ | W49: =IF(V49="O",100,IF(V49="A+",90,IF(V49="A",80,IF(V49="B+",70,IF(V49="B",60,IF(V49="C",55,IF(V49="P",50,IF(V49="F",39)))))))) -> 70 | X49: =IF(V49="F",0,IF(V49="O",10,IF(V49="A+",9,IF(V49="A",8,IF(V49="B+",7,IF(V49="B",6,IF(V49="C",5,IF(V49="P",4)))))))) -> 7 | Y49: =X49*10 -> 70 | Z49: =Y49-U49 -> 54.5
A50: 41 | B50: =+B49+1 -> 5191421041 | C50: 2 | D50: 2 | E50: 2 | F50: 2 | G50: 2 | H50: 10 | I50: 9 | K50: 2 | P50: 9 | Q50: 9 | S50: =SUM(C50:J50) -> 29 | T50: =SUM(K50:R50) -> 20 | U50: =AVERAGE(S50:T50) -> 24.5 | V50: A+ | W50: =IF(V50="O",100,IF(V50="A+",90,IF(V50="A",80,IF(V50="B+",70,IF(V50="B",60,IF(V50="C",55,IF(V50="P",50,IF(V50="F",39)))))))) -> 90 | X50: =IF(V50="F",0,IF(V50="O",10,IF(V50="A+",9,IF(V50="A",8,IF(V50="B+",7,IF(V50="B",6,IF(V50="C",5,IF(V50="P",4)))))))) -> 9 | Y50: =X50*10 -> 90 | Z50: =Y50-U50 -> 65.5
A51: 42 | B51: =+B50+1 -> 5191421042 | C51: 1 | D51: 2 | E51: 2 | F51: 2 | G51: 2 | H51: 5 | I51: 6 | K51: 1 | L51: 1 | M51: 2 | N51: 2 | O51: 2 | P51: 5 | Q51: 2 | S51: =SUM(C51:J51) -> 20 | T51: =SUM(K51:R51) -> 15 | U51: =AVERAGE(S51:T51) -> 17.5 | V51: C | W51: =IF(V51="O",100,IF(V51="A+",90,IF(V51="A",80,IF(V51="B+",70,IF(V51="B",60,IF(V51="C",55,IF(V51="P",50,IF(V51="F",39)))))))) -> 55 | X51: =IF(V51="F",0,IF(V51="O",10,IF(V51="A+",9,IF(V51="A",8,IF(V51="B+",7,IF(V51="B",6,IF(V51="C",5,IF(V51="P",4)))))))) -> 5 | Y51: =X51*10 -> 50 | Z51: =Y51-U51 -> 32.5
A52: 43 | B52: =+B51+1 -> 5191421043 | C52: 2 | D52: 2 | E52: 2 | G52: 2 | H52: 5 | J52: 6 | K52: 2 | P52: 10 | Q52: 4 | S52: =SUM(C52:J52) -> 19 | T52: =SUM(K52:R52) -> 16 | U52: =AVERAGE(S52:T52) -> 17.5 | V52: A+ | W52: =IF(V52="O",100,IF(V52="A+",90,IF(V52="A",80,IF(V52="B+",70,IF(V52="B",60,IF(V52="C",55,IF(V52="P",50,IF(V52="F",39)))))))) -> 90 | X52: =IF(V52="F",0,IF(V52="O",10,IF(V52="A+",9,IF(V52="A",8,IF(V52="B+",7,IF(V52="B",6,IF(V52="C",5,IF(V52="P",4)))))))) -> 9 | Y52: =X52*10 -> 90 | Z52: =Y52-U52 -> 72.5
A53: 44 | B53: =+B52+1 -> 5191421044 | C53: 2 | D53: 2 | E53: 2 | F53: 2 | G53: 2 | H53: 10 | I53: 8 | K53: 1 | L53: 2 | M53: 2 | N53: 2 | P53: 10 | R53: 5 | S53: =SUM(C53:J53) -> 28 | T53: =SUM(K53:R53) -> 22 | U53: =AVERAGE(S53:T53) -> 25 | V53: A+ | W53: =IF(V53="O",100,IF(V53="A+",90,IF(V53="A",80,IF(V53="B+",70,IF(V53="B",60,IF(V53="C",55,IF(V53="P",50,IF(V53="F",39)))))))) -> 90 | X53: =IF(V53="F",0,IF(V53="O",10,IF(V53="A+",9,IF(V53="A",8,IF(V53="B+",7,IF(V53="B",6,IF(V53="C",5,IF(V53="P",4)))))))) -> 9 | Y53: =X53*10 -> 90 | Z53: =Y53-U53 -> 65
A54: 45 | B54: =+B53+1 -> 5191421045 | C54: 2 | D54: 2 | E54: 2 | F54: 2 | G54: 2 | H54: 9 | I54: 8 | L54: 2 | M54: 2 | N54: 2 | O54: 1 | P54: 8 | Q54: 8 | S54: =SUM(C54:J54) -> 27 | T54: =SUM(K54:R54) -> 23 | U54: =AVERAGE(S54:T54) -> 25 | V54: B+ | W54: =IF(V54="O",100,IF(V54="A+",90,IF(V54="A",80,IF(V54="B+",70,IF(V54="B",60,IF(V54="C",55,IF(V54="P",50,IF(V54="F",39)))))))) -> 70 | X54: =IF(V54="F",0,IF(V54="O",10,IF(V54="A+",9,IF(V54="A",8,IF(V54="B+",7,IF(V54="B",6,IF(V54="C",5,IF(V54="P",4)))))))) -> 7 | Y54: =X54*10 -> 70 | Z54: =Y54-U54 -> 45
A55: 46 | B55: =+B54+1 -> 5191421046 | C55: 1 | D55: 2 | E55: 1 | F55: 2 | G55: 2 | H55: 9 | I55: 4 | L55: 2 | M55: 2 | P55: 9 | Q55: 8 | S55: =SUM(C55:J55) -> 21 | T55: =SUM(K55:R55) -> 21 | U55: =AVERAGE(S55:T55) -> 21 | V55: A+ | W55: =IF(V55="O",100,IF(V55="A+",90,IF(V55="A",80,IF(V55="B+",70,IF(V55="B",60,IF(V55="C",55,IF(V55="P",50,IF(V55="F",39)))))))) -> 90 | X55: =IF(V55="F",0,IF(V55="O",10,IF(V55="A+",9,IF(V55="A",8,IF(V55="B+",7,IF(V55="B",6,IF(V55="C",5,IF(V55="P",4)))))))) -> 9 | Y55: =X55*10 -> 90 | Z55: =Y55-U55 -> 69
A56: 47 | B56: =+B55+1 -> 5191421047 | C56: 1 | D56: 2 | E56: 2 | F56: 2 | G56: 2 | H56: 5 | L56: 2 | M56: 2 | P56: 5 | R56: 8 | S56: =SUM(C56:J56) -> 14 | T56: =SUM(K56:R56) -> 17 | U56: =AVERAGE(S56:T56) -> 15.5 | V56: P | W56: =IF(V56="O",100,IF(V56="A+",90,IF(V56="A",80,IF(V56="B+",70,IF(V56="B",60,IF(V56="C",55,IF(V56="P",50,IF(V56="F",39)))))))) -> 50 | X56: =IF(V56="F",0,IF(V56="O",10,IF(V56="A+",9,IF(V56="A",8,IF(V56="B+",7,IF(V56="B",6,IF(V56="C",5,IF(V56="P",4)))))))) -> 4 | Y56: =X56*10 -> 40 | Z56: =Y56-U56 -> 24.5
A57: 48 | B57: =+B56+1 -> 5191421048 | C57: 2 | D57: 2 | E57: 2 | G57: 2 | H57: 3 | I57: 2 | L57: 2 | O57: 2 | P57: 9 | R57: 7 | S57: =SUM(C57:J57) -> 13 | T57: =SUM(K57:R57) -> 20 | U57: =AVERAGE(S57:T57) -> 16.5 | V57: B+ | W57: =IF(V57="O",100,IF(V57="A+",90,IF(V57="A",80,IF(V57="B+",70,IF(V57="B",60,IF(V57="C",55,IF(V57="P",50,IF(V57="F",39)))))))) -> 70 | X57: =IF(V57="F",0,IF(V57="O",10,IF(V57="A+",9,IF(V57="A",8,IF(V57="B+",7,IF(V57="B",6,IF(V57="C",5,IF(V57="P",4)))))))) -> 7 | Y57: =X57*10 -> 70 | Z57: =Y57-U57 -> 53.5
A58: 49 | B58: =+B57+1 -> 5191421049 | C58: 2 | D58: 2 | E58: 2 | F58: 1 | G58: 2 | H58: 8 | I58: 9 | L58: 2 | M58: 2 | N58: 2 | Q58: 9 | R58: 10 | S58: =SUM(C58:J58) -> 26 | T58: =SUM(K58:R58) -> 25 | U58: =AVERAGE(S58:T58) -> 25.5 | V58: A+ | W58: =IF(V58="O",100,IF(V58="A+",90,IF(V58="A",80,IF(V58="B+",70,IF(V58="B",60,IF(V58="C",55,IF(V58="P",50,IF(V58="F",39)))))))) -> 90 | X58: =IF(V58="F",0,IF(V58="O",10,IF(V58="A+",9,IF(V58="A",8,IF(V58="B+",7,IF(V58="B",6,IF(V58="C",5,IF(V58="P",4)))))))) -> 9 | Y58: =X58*10 -> 90 | Z58: =Y58-U58 -> 64.5
C59: =COUNT(C9:C58) -> 37 | D59: =COUNT(D9:D58) -> 41 | E59: =COUNT(E9:E58) -> 40 | F59: =COUNT(F9:F58) -> 29 | G59: =COUNT(G9:G58) -> 38 | H59: =COUNT(H9:H58) -> 42 | I59: =COUNT(I9:I58) -> 32 | J59: =COUNT(J9:J58) -> 18 | ... R59: =COUNT(R9:R58) -> 34
A60: Benchmark %ge | B60: 55 | C60: =C9*(B60/100) -> 1.1 | D60: =D9*(B60/100) -> 1.1 | E60: =E9*(B60/100) -> 1.1 | F60: =F9*(B60/100) -> 1.1 | G60: =G9*(B60/100) -> 1.1 | H60: =H9*(B60/100) -> 5.5 | I60: =I9*(B60/100) -> 5.5 | J60: =J9*(B60/100) -> 5.5 | K60: =K9*(B60/100) -> 1.1 | L60: =L9*(B60/100) -> 1.1 | M60: =M9*(B60/100) -> 1.1 | N60: =N9*(B60/100) -> 1.1 | O60: =O9*(B60/100) -> 1.1 | P60: =P9*(B60/100) -> 5.5 | Q60: =Q9*(B60/100) -> 5.5 | R60: =R9*(B60/100) -> 5.5
A61: number of students scoring more than 50% of marks | C61: =COUNTIF(C9:C58,">="&C60) -> 22 | D61: =COUNTIF(D9:D58,">="&D60) -> 35 | E61: =COUNTIF(E9:E58,">="&E60) -> 32 | F61: =COUNTIF(F9:F58,">="&F60) -> 23 | G61: =COUNTIF(G9:G58,">="&G60) -> 35 | H61: =COUNTIF(H9:H58,">="&H60) -> 30 | I61: =COUNTIF(I9:I58,">="&I60) -> 22 | J61: =COUNTIF(J9:J58,">="&J60) -> 4 | ... R61: =COUNTIF(R9:R58,">="&R60) -> 21 | W61: =COUNTIF(V9:W58,">="&B60) -> 44
A62: %ge of students scoring more than the specified mark | C62: =C61/C59 -> 0.59459459 | D62: =D61/D59 -> 0.85365854 | E62: =E61/E59 -> 0.8 | F62: =F61/F59 -> 0.79310345 | G62: =G61/G59 -> 0.92105263 | H62: =H61/H59 -> 0.71428571 | I62: =I61/I59 -> 0.6875 | J62: =J61/J59 -> 0.22222222 | ... R62: =R61/R59 -> 0.61764706 | W62: =(W61/A58)*100 -> 89.795918
C63: CO 1 | D63: CO 1 | E63: CO 3 | F63: CO 1 | G63: CO 1 | H63: CO1 | I63: CO 2 | J63: CO 3 | K63: CO 3 | L63: CO 3 | M63: CO 4 | N63: CO 5 | O63: CO 5 | P63: CO3 | Q63: CO4 | R63: CO5
D66: Internal | F66: University | H66: CO Attainment
C67: CO1 | D67: =AVERAGE(C62,D62,F62,G62,H62)*100 -> 77.533899 | E67: =IF(D67>=70,3,IF(AND(D67>=60,D67<70),2,IF(AND(D67>=50,D67<60),1))) -> 3 | F67: =IF(W62>=70,3,IF(AND(W62>=60,W62<70),2,IF(AND(W62>=50,W62<60),1))) -> 3 | H67: =(30/100)*E67+(70/100)*F67 -> 3
C68: CO2 | D68: =AVERAGE(I62)*100 -> 68.75 | E68: =IF(D68>=70,3,IF(AND(D68>=60,D68<70),2,IF(AND(D68>=50,D68<60),1))) -> 2 | F68: =IF(W62>=70,3,IF(AND(W62>=60,W62<70),2,IF(AND(W62>=50,W62<60),1))) -> 3 | H68: =(30/100)*E68+(70/100)*F68 -> 2.7
C69: CO3 | D69: =AVERAGE(E62,J62,K62,L62,P62)*100 -> 59.344473 | E69: =IF(D69>=70,3,IF(AND(D69>=60,D69<70),2,IF(AND(D69>=50,D69<60),1))) -> 1 | F69: =IF(W62>=70,3,IF(AND(W62>=60,W62<70),2,IF(AND(W62>=50,W62<60),1))) -> 3 | H69: =(30/100)*E69+(70/100)*F69 -> 2.4
C70: CO4 | D70: =AVERAGE(M62,Q62)*100 -> 73.646724 | E70: =IF(D70>=70,3,IF(AND(D70>=60,D70<70),2,IF(AND(D70>=50,D70<60),1))) -> 3 | F70: =IF(W62>=70,3,IF(AND(W62>=60,W62<70),2,IF(AND(W62>=50,W62<60),1))) -> 3 | H70: =(30/100)*E70+(70/100)*F70 -> 3
C71: CO5 | D71: =AVERAGE(N62,O62,R62)*100 -> 57.111361 | E71: =IF(D71>=70,3,IF(AND(D71>=60,D71<70),2,IF(AND(D71>=50,D71<60),1))) -> 1 | F71: =IF(W62>=70,3,IF(AND(W62>=60,W62<70),2,IF(AND(W62>=50,W62<60),1))) -> 3 | H71: =(30/100)*E71+(70/100)*F71 -> 2.4
C72: CO Average attainment for the subject | H72: =AVERAGE(H67:H70) -> 2.775
B75: CO - PO & PSO MAPPING :
C77: SUBJECT-BEE | D77: PO1 | E77: P02 | F77: PO3 | G77: PO4 | H77: PO5 | I77: P06 | J77: PO7 | K77: PO8 | L77: PO9 | M77: PO10 | N77: PO11 | O77: PO12 | P77: PSO1 | Q77: PSO2 | R77: PSO3
C78: CO1 | D78: 3 | E78: 1 | G78: 2 | O78: 2 | P78: 3 | Q78: 3 | R78: 2
C79: CO2 | D79: 3 | E79: 3 | F79: 1 | G79: 2 | H79: 3 | O79: 2 | P79: 3 | Q79: 3 | R79: 2
C80: CO3 | D80: 3 | E80: 1 | F80: 3 | G80: 2 | H80: 3 | O80: 3 | P80: 3 | Q80: 3 | R80: 2
C81: CO4 | D81: 3 | E81: 2 | F81: 3 | G81: 2 | H81: 3 | O81: 3 | P81: 3 | Q81: 3 | R81: 2
C82: CO5 | D82: 3 | E82: 1 | F82: 2 | G82: 2 | H82: 3 | O82: 2 | P82: 3 | Q82: 3 | R82: 2
C83: avg | D83: =AVERAGE(D78:D82) -> 3 | E83: =AVERAGE(E78:E82) -> 1.6 | F83: =AVERAGE(F78:F82) -> 2.25 | G83: =AVERAGE(G78:G82) -> 2 | H83: =AVERAGE(H78:H82) -> 3 | O83: =AVERAGE(O78:O82) -> 2.4 | P83: =AVERAGE(P78:P82) -> 3 | Q83: =AVERAGE(Q78:Q82) -> 3 | R83: =AVERAGE(R78:R82) -> 2
C84: total avg | D84: =AVERAGE(D83:O83) -> 2.375 | P84: =AVERAGE(P83:R83) -> 2.6666667
B86: CO-PO & PSO ATTAINMENT:
C88: CO - PO | D88: PO 1 | E88: PO 2 | F88: PO 3 | G88: PO 4 | H88: PO 5 | I88: PO 6 | J88: PO 7 | K88: PO 8 | L88: PO 9 | M88: PO 10 | N88: PO 11 | O88: PO 12 | P88: PSO 1 | Q88: PSO 2 | R88: PSO 3
C89: CO 1 | D89: =($H67*D78)/3 -> 3 | E89: =($H67*E78)/3 -> 1 | G89: =($H67*G78)/3 -> 2 | O89: =($H67*O78)/3 -> 2 | P89: =$H68*P78/3 -> 2.7 | Q89: =$H68*Q78/3 -> 2.7 | R89: =$H68*R78/3 -> 1.8
C90: CO 2 | D90: =($H68*D79)/3 -> 2.7 | E90: =($H68*E79)/3 -> 2.7 | F90: =($H68*F79)/3 -> 0.9 | G90: =($H68*G79)/3 -> 1.8 | H90: =($H68*H79)/3 -> 2.7 | O90: =($H68*O79)/3 -> 1.8 | P90: =$H69*P79/3 -> 2.4 | Q90: =$H69*Q79/3 -> 2.4 | R90: =$H69*R79/3 -> 1.6
C91: CO 3 | D91: =($H69*D80)/3 -> 2.4 | E91: =($H69*E80)/3 -> 0.8 | F91: =($H69*F80)/3 -> 2.4 | G91: =($H69*G80)/3 -> 1.6 | H91: =($H69*H80)/3 -> 2.4 | O91: =($H69*O80)/3 -> 2.4 | P91: =$H70*P80/3 -> 3 | Q91: =$H70*Q80/3 -> 3 | R91: =$H70*R80/3 -> 2
C92: CO 4 | D92: =($H70*D81)/3 -> 3 | E92: =($H70*E81)/3 -> 2 | F92: =($H70*F81)/3 -> 3 | G92: =($H70*G81)/3 -> 2 | H92: =($H70*H81)/3 -> 3 | O92: =($H70*O81)/3 -> 3 | P92: =$H71*P81/3 -> 2.4 | Q92: =$H71*Q81/3 -> 2.4 | R92: =$H71*R81/3 -> 1.6
C93: CO 5 | D93: =($H71*D82)/3 -> 2.4 | E93: =($H71*E82)/3 -> 0.8 | F93: =($H71*F82)/3 -> 1.6 | G93: =($H71*G82)/3 -> 1.6 | H93: =($H71*H82)/3 -> 2.4 | O93: =($H71*O82)/3 -> 1.6 | P93: =$H72*P82/3 -> 2.775 | Q93: =$H72*Q82/3 -> 2.775 | R93: =$H72*R82/3 -> 1.85
C94: Average | D94: =AVERAGE(D89:D93) -> 2.7 | E94: =AVERAGE(E89:E93) -> 1.46 | F94: =AVERAGE(F89:F93) -> 1.975 | G94: =AVERAGE(G89:G93) -> 1.8 | H94: =AVERAGE(H89:H93) -> 2.625 | O94: =AVERAGE(O89:O93) -> 2.16 | P94: =AVERAGE(P89:P93) -> 2.655 | Q94: =AVERAGE(Q89:Q93) -> 2.655 | R94: =AVERAGE(R89:R93) -> 1.77
C95: Overall Average | D95: =AVERAGE(D94:O94) -> 2.12 | P95: =AVERAGE(P94:R94) -> 2.36

Sheet CHE
A2: Subject: | C2: Chemistry | H2: AY: | J2: 2019-20
A3: Faculty: | C3: Mr.G.V.GAURAV | H3: Batch: | J3: 2019-2023
B4: Year and Semester: | C4: I Yr II Semester | H4: Branch: | J4: ECE
C5: I Mid | K5: II MID
B6: Register Number | C6: Question No.1 | H6: Question No 2 | I6: Question No 3 | J6: Question No 4 | K6: Question No.1 | P6: Question No 2 | Q6: Question No 3 | R6: Question No 4 | T6: University Grade | U6: Marks Obtained
C7: a | D7: b | E7: c | F7: d | G7: e | K7: a | L7: b | M7: c | N7: d | O7: e
B8: Matching CO | C8: CO1 | D8: CO1 | E8: CO3 | F8: CO3 | G8: CO1 | H8: CO2 | I8: CO3 | J8: CO1 | K8: CO5 | L8: CO4 | M8: CO6 | N8: CO4 | O8: CO6 | P8: CO4 | Q8: CO6 | R8: CO5
A9: Sl.No. | B9: Maximum Marks | C9: 2 | D9: 2 | E9: 2 | F9: 2 | G9: 2 | H9: 10 | I9: 10 | J9: 10 | K9: 2 | L9: 2 | M9: 2 | N9: 2 | O9: 2 | P9: 10 | Q9: 10 | R9: 10 | T9: 100
A10: 1 | B10: 5191421001 | C10: 2 | D10: 2 | E10: 2 | F10: 2 | H10: 8 | I10: 10 | K10: 2 | L10: 2 | M10: 2 | N10: 2 | O10: 2 | P10: 5 | Q10: 10 | T10: A | U10: =IF(T10="O",100,IF(T10="A+",90,IF(T10="A",80,IF(T10="B+",70,IF(T10="B",60,IF(T10="C",55,IF(T10="P",50,IF(T10="F",39)))))))) -> 80
A11: 2 | B11: =+B10+1 -> 5191421002 | D11: 2 | E11: 2 | F11: 2 | H11: 6 | J11: 10 | K11: 2 | L11: 2 | M11: 2 | N11: 2 | P11: 8 | Q11: 8 | T11: B | U11: =IF(T11="O",100,IF(T11="A+",90,IF(T11="A",80,IF(T11="B+",70,IF(T11="B",60,IF(T11="C",55,IF(T11="P",50,IF(T11="F",39)))))))) -> 60
A12: 3 | B12: =+B11+1 -> 5191421003 | C12: 2 | D12: 2 | E12: 2 | F12: 2 | G12: 2 | H12: 10 | I12: 10 | K12: 2 | L12: 2 | M12: 2 | N12: 2 | O12: 2 | P12: 10 | Q12: 10 | T12: A+ | U12: =IF(T12="O",100,IF(T12="A+",90,IF(T12="A",80,IF(T12="B+",70,IF(T12="B",60,IF(T12="C",55,IF(T12="P",50,IF(T12="F",39)))))))) -> 90
A13: 4 | B13: =+B12+1 -> 5191421004 | C13: 2 | D13: 2 | E13: 2 | F13: 2 | G13: 2 | I13: 10 | J13: 10 | K13: 2 | L13: 2 | M13: 2 | N13: 2 | O13: 2 | P13: 10 | Q13: 10 | T13: F | U13: =IF(T13="O",100,IF(T13="A+",90,IF(T13="A",80,IF(T13="B+",70,IF(T13="B",60,IF(T13="C",55,IF(T13="P",50,IF(T13="F",39)))))))) -> 39
A14: 5 | B14: =+B13+1 -> 5191421005 | C14: 1 | D14: 1 | E14: 2 | F14: 2 | H14: 10 | I14: 9 | K14: 2 | L14: 2 | M14: 2 | N14: 2 | O14: 1 | P14: 10 | Q14: 10 | T14: C | U14: =IF(T14="O",100,IF(T14="A+",90,IF(T14="A",80,IF(T14="B+",70,IF(T14="B",60,IF(T14="C",55,IF(T14="P",50,IF(T14="F",39)))))))) -> 55
A15: 6 | B15: =+B14+1 -> 5191421006 | C15: 1 | E15: 2 | F15: 2 | H15: 10 | Q15: 5 | T15: B+ | U15: =IF(T15="O",100,IF(T15="A+",90,IF(T15="A",80,IF(T15="B+",70,IF(T15="B",60,IF(T15="C",55,IF(T15="P",50,IF(T15="F",39)))))))) -> 70
A16: 7 | B16: =+B15+1 -> 5191421007 | C16: 2 | D16: 2 | E16: 2 | F16: 2 | H16: 10 | I16: 10 | K16: 2 | L16: 2 | M16: 2 | N16: 2 | O16: 2 | P16: 10 | R16: 10 | T16: B+ | U16: =IF(T16="O",100,IF(T16="A+",90,IF(T16="A",80,IF(T16="B+",70,IF(T16="B",60,IF(T16="C",55,IF(T16="P",50,IF(T16="F",39)))))))) -> 70
A17: 8 | B17: =+B16+1 -> 5191421008 | C17: 2 | D17: 2 | E17: 2 | F17: 2 | H17: 10 | I17: 5 | K17: 2 | L17: 2 | N17: 2 | P17: 8 | Q17: 5 | T17: B+ | U17: =IF(T17="O",100,IF(T17="A+",90,IF(T17="A",80,IF(T17="B+",70,IF(T17="B",60,IF(T17="C",55,IF(T17="P",50,IF(T17="F",39)))))))) -> 70
